seed,gate_statistic,accepted_at_0.87,variant,views,error_mm,r95_mm,confident_but_wrong,covered
10016,0.1001909781919061,True,none,2,7.3346901917335945,6.306164553965269,False,False
10016,0.1001909781919061,True,full,2,2.1393702200521294,7.060537579226835,False,True
10020,0.17018104127639908,True,none,2,184.4824526750445,6.152986229739406,True,False
10020,0.17018104127639908,True,full,2,5.014763069713814,7.330486616085318,False,True
10022,0.587888803183633,True,none,3,86.92778406170765,5.333684573949435,True,False
10022,0.587888803183633,True,full,2,2.365770558880552,9.223849766870273,False,True
10004,1.3829975472746843,False,none,2,59.7836421246371,7.499799023960006,True,False
10004,1.3829975472746843,False,full,2,5.513507706677882,6.650493369399319,False,True
10023,0.09889440453153794,True,none,3,87.77053472795913,5.152079500773309,True,False
10023,0.09889440453153794,True,full,2,5.114365883124917,9.689187875383595,False,True
10014,0.4618574827063758,True,none,3,29.802380943808828,5.228437778491668,True,False
10014,0.4618574827063758,True,full,3,8.459537073119739,9.918166797058362,False,True
10011,0.11922080156496635,True,none,3,15.501545505433139,6.810698987411391,False,False
10011,0.11922080156496635,True,full,3,1.069069618072976,5.254628039236526,False,True
10015,0.7562772936286872,True,none,2,120.0363649447852,7.791587316518184,True,False
10015,0.7562772936286872,True,full,4,3.661329231024875,9.591868517965302,False,True
10019,0.8278789432817873,True,none,3,8.988360544214698,7.68933011004641,False,False
10019,0.8278789432817873,True,full,5,10.657483430644968,13.5137241661683,False,True
10018,2.677234606941237,False,none,3,28.917047406812657,8.609472505721218,True,False
10018,2.677234606941237,False,full,5,8.314134158569386,6.556327118392977,False,False
10007,0.43096926729589796,True,none,3,14.78587484366945,7.6729997084544,False,False
10007,0.43096926729589796,True,full,5,4.610364259514142,13.358821985137258,False,True
10001,0.7439709904995008,True,none,5,10.045070858473983,11.764571583280167,False,True
10001,0.7439709904995008,True,full,5,7.012302259028462,14.027223555425751,False,True
10010,0.9211679787239611,False,none,5,15.704431459416098,10.244550508487395,False,False
10010,0.9211679787239611,False,full,5,5.5115958725198855,15.84604653337679,False,True
10005,0.6416679410451078,True,none,5,10.88306564210724,12.140715127625015,False,True
10005,0.6416679410451078,True,full,5,10.193649784469041,12.411500252675223,False,True
10009,2.2339081012223776,False,none,5,7.6377510249259295,23.971621660803734,False,True
10009,2.2339081012223776,False,full,5,7.716876031664791,20.26543930369925,False,True
10017,0.35509560691401043,True,none,5,4.071716410221771,14.248699730772628,False,True
10017,0.35509560691401043,True,full,5,4.590744900422518,13.927817236520987,False,True
10021,0.7207868515299122,True,none,5,4.711973556704826,12.567158692211036,False,True
10021,0.7207868515299122,True,full,5,4.644322837375369,11.973993105240716,False,True
10025,0.16644676488065419,True,none,5,6.597623731092231,14.866527904997177,False,True
10025,0.16644676488065419,True,full,5,3.482526350858348,13.882952009118599,False,True
10006,0.2966400405490285,True,none,5,3.1864747898563888,14.110397692984309,False,True
10006,0.2966400405490285,True,full,5,3.967536328026111,13.877524421191936,False,True
10003,1.9455923842183982,False,none,5,6.271501117320424,12.948591044671133,False,True
10003,1.9455923842183982,False,full,5,5.548696947092355,12.566595765719903,False,True
10000,1.4337618048352916,False,none,5,8.807179893746051,14.553693078930246,False,True
10000,1.4337618048352916,False,full,5,15.822369276147292,13.318980003121137,False,False
10012,0.5925949254548036,True,none,5,7.715388364507476,17.298400657958453,False,True
10012,0.5925949254548036,True,full,5,6.043542169083468,16.162711654463283,False,True
10008,0.5453616168024228,True,none,5,14.247964895538319,14.63945195900849,False,True
10008,0.5453616168024228,True,full,5,13.687113160983976,8.51084614369579,False,False
10002,0.14452690181437206,True,none,5,2.182335858316138,12.995881522844474,False,True
10002,0.14452690181437206,True,full,5,6.192789044435519,13.131248910734424,False,True
10013,4.1993008901577245,False,none,5,9.540713307508096,14.892809732622368,False,True
10013,4.1993008901577245,False,full,5,9.91949742580572,17.51624577980124,False,True
10024,0.5132750618677572,True,none,5,7.240364598929087,13.835199035699725,False,True
10024,0.5132750618677572,True,full,5,7.909771704329655,13.344125551877587,False,True
10030,1.0099948124956049,False,none,5,4.603089427226443,21.19879900467113,False,True
10030,1.0099948124956049,False,full,3,6.427554296931999,8.987771429990321,False,True
10031,0.3188306023883265,True,none,2,89.96983910591469,6.422333043499506,True,False
10031,0.3188306023883265,True,full,5,3.016324787157499,10.448733402173515,False,True
10028,0.33246905114181585,True,none,3,14.68683678958172,7.898488082328554,False,False
10028,0.33246905114181585,True,full,5,4.604572545875793,9.905640346889644,False,True
10032,0.642400020703713,True,none,3,33.22060942335704,8.12028965288333,True,False
10032,0.642400020703713,True,full,4,5.581357686428347,9.240773786631276,False,True
10026,1.176993292491454,False,none,5,22.93364057648667,21.37909856486184,False,True
10026,1.176993292491454,False,full,5,19.56150329471101,20.79014562874816,False,True
10027,3.253623369613534,False,none,5,6.48354139032347,13.855333163227641,False,True
10027,3.253623369613534,False,full,5,2.6572040295674824,11.752259168675478,False,True
10039,0.09859206515615106,True,none,2,81.90280351991902,6.4808491991327495,True,False
10039,0.09859206515615106,True,full,2,8.775562752279937,7.131265811661588,False,False
10029,0.47017692459557187,True,none,5,4.330327977044626,19.639973552720882,False,True
10029,0.47017692459557187,True,full,5,4.320728717555823,16.15770599544978,False,True
10036,0.21367522905135386,True,none,3,10.96475250802337,6.181252324945784,False,False
10036,0.21367522905135386,True,full,3,1.1938207245153685,6.170342063300739,False,True
10050,0.34259324429995985,True,none,3,2.6235444573818736,7.934307845122692,False,True
10050,0.34259324429995985,True,full,2,5.714109378085977,4.1493747628065085,False,False
10033,4.074654732131154,False,none,5,22.89603089238861,24.787288681406217,False,False
10033,4.074654732131154,False,full,5,22.268174642688816,24.010656107545337,False,False
10046,1.1290637538470303,False,none,3,12.766924203143272,7.749874980179138,False,False
10046,1.1290637538470303,False,full,5,2.607123733389529,13.132158072501456,False,True
10037,2.7472705821467507,False,none,5,4.46572344444592,11.292529843630247,False,True
10037,2.7472705821467507,False,full,3,5.661175444823545,6.547326810382254,False,True
10034,1.1536321948269475,False,none,5,2.235982845682266,14.075153696127524,False,True
10034,1.1536321948269475,False,full,5,2.4210554343120885,11.049318308133865,False,True
10043,1.5326307567755442,False,none,5,7.146506979775638,11.079837878776067,False,True
10043,1.5326307567755442,False,full,3,6.897439242558858,8.80656241051933,False,True
10035,1.552834411583101,False,none,5,13.138769713642024,14.551371788668567,False,True
10035,1.552834411583101,False,full,5,4.53600092830323,16.605624429940033,False,True
10049,0.7735788494843533,True,none,3,16.237421749520454,7.780160483548681,False,False
10049,0.7735788494843533,True,full,5,2.580292662770359,16.803181331786796,False,True
10054,2.3356104181451336,False,none,2,30.175748532659,8.25461758077159,True,False
10054,2.3356104181451336,False,full,5,6.562760857238354,10.259357349854755,False,True
10047,2.3001025491335416,False,none,5,5.0314687617359395,11.226655855702443,False,True
10047,2.3001025491335416,False,full,4,4.350881316576731,9.928838995054154,False,True
10038,2.32288207665149,False,none,5,7.707763978360327,14.358223156748762,False,True
10038,2.32288207665149,False,full,5,8.84748053068495,14.667530104283728,False,True
10041,1.0869364461727122,False,none,5,5.300879109014263,10.975010378623967,False,True
10041,1.0869364461727122,False,full,5,10.202979759028677,15.989877426240414,False,True
10040,0.8627887467424723,True,none,5,2.5727568127271256,15.079044947744848,False,True
10040,0.8627887467424723,True,full,5,2.391743018681996,14.738497236475352,False,True
10045,2.1040096803336197,False,none,5,12.652782066307838,23.269654755134972,False,True
10045,2.1040096803336197,False,full,5,8.603588016814436,14.867213570617471,False,True
10042,1.906987871887555,False,none,5,9.6251472578873,12.715298756315038,False,True
10042,1.906987871887555,False,full,5,10.224598131423608,11.799452948901674,False,True
10048,1.1280437585924248,False,none,5,7.814301824076388,21.915843505240982,False,True
10048,1.1280437585924248,False,full,5,6.604459973539589,23.26856935395454,False,True
10056,0.2798532421487411,True,none,3,7.719307603492231,7.919514756898659,False,True
10056,0.2798532421487411,True,full,3,1.7189435427922557,8.106230518944498,False,True
10051,1.7676510485451027,False,none,5,13.941387654845286,27.534316720075914,False,True
10051,1.7676510485451027,False,full,5,21.861079891803314,25.729853880473794,False,True
10044,0.5191996270665511,True,none,5,11.003961764823227,19.503849862613755,False,True
10044,0.5191996270665511,True,full,5,10.586261898422093,18.281605792278675,False,True
10052,3.459845728660831,False,none,5,15.583954638769564,23.061631038993326,False,True
10052,3.459845728660831,False,full,5,18.47378202584632,22.7631096290698,False,True
10059,0.7898294845752272,True,none,2,9.29336671616362,9.608326509817225,False,False
10059,0.7898294845752272,True,full,5,3.0729411314917403,9.945127750042216,False,True
10067,0.5556930087998981,True,none,2,189.88678838764906,5.342127535193699,True,False
10067,0.5556930087998981,True,full,2,3.3800696272399944,8.33351845121487,False,True
10060,0.7829951795040309,True,none,2,149.50329552600053,6.181815830692582,True,False
10060,0.7829951795040309,True,full,5,4.492677176433793,17.130189526757857,False,True
10053,1.081631978648097,False,none,5,3.45520598001505,13.893655811974671,False,True
10053,1.081631978648097,False,full,5,3.338136156347265,12.8357748838043,False,True
10055,0.6320486884494693,True,none,5,6.365758411291067,15.119733889363447,False,True
10055,0.6320486884494693,True,full,5,5.9669470444338,14.880244082206097,False,True
10057,1.5391936069567347,False,none,5,9.09893683427884,22.14420942704993,False,True
10057,1.5391936069567347,False,full,5,7.996133084768788,20.263291095887826,False,True
10058,1.521512409647224,False,none,5,11.899001998260367,13.266911687248806,False,False
10058,1.521512409647224,False,full,5,14.01232766767038,12.815816551488927,False,False
10083,0.14215501997261204,True,none,2,156.91162336103855,5.977567470840992,True,False
10083,0.14215501997261204,True,full,2,2.9675344532521257,7.060086023594634,False,True
10061,0.23023349891824113,True,none,5,7.316859269166413,17.27541993571128,False,True
10061,0.23023349891824113,True,full,5,8.65781763770186,17.670125417795184,False,True
10062,6.526353829065706,False,none,5,21.992082961155408,28.80025025448246,False,True
10062,6.526353829065706,False,full,5,21.815850820170507,25.589362642825236,False,False
10063,2.561687426109652,False,none,5,10.746858342490714,19.369990820328816,False,True
10063,2.561687426109652,False,full,5,16.993883016553134,15.699568590260949,False,False
10064,1.6955321847508782,False,none,5,3.115853914628248,11.793158765843467,False,True
10064,1.6955321847508782,False,full,5,4.202036231925157,12.186599391272711,False,True
10082,0.22836131484974315,True,none,5,2.399305967190752,11.523031461504804,False,True
10082,0.22836131484974315,True,full,3,1.9429328171593931,4.72777678587426,False,True
10065,0.24583607935985077,True,none,5,11.073739185457384,20.553097081574936,False,True
10065,0.24583607935985077,True,full,5,8.906219126652104,19.35965907980112,False,True
10068,0.3603604114869109,True,none,5,6.813703748038295,10.485905924606772,False,True
10068,0.3603604114869109,True,full,5,3.746014556226033,10.605676216394642,False,True
10070,1.4782774923868676,False,none,5,19.426751898257226,40.534363471153846,False,True
10070,1.4782774923868676,False,full,5,20.66946211637169,35.242163357842855,False,True
10069,0.8525472619803072,True,none,5,7.532016923170489,13.231262783492097,False,True
10069,0.8525472619803072,True,full,5,6.533519320497445,12.925865446136065,False,True
10066,2.655879114697215,False,none,5,6.920504111779608,20.840204963570134,False,True
10066,2.655879114697215,False,full,5,6.404383572105851,21.307094266922032,False,True
10071,0.9955562088920539,False,none,5,19.492662066134162,20.076040640041775,False,True
10071,0.9955562088920539,False,full,5,19.421617650141314,21.099272636263805,False,True
10072,0.7976382300548907,True,none,5,13.072948951468968,13.19246400313266,False,True
10072,0.7976382300548907,True,full,5,7.203507200944159,10.710247315457456,False,True
10075,2.4600839650718926,False,none,5,10.363975535671932,16.61087189300933,False,True
10075,2.4600839650718926,False,full,5,11.749700440132052,15.557961501423865,False,True
10073,2.378290057627336,False,none,5,9.002244225596126,17.776401799078194,False,True
10073,2.378290057627336,False,full,5,17.678100521796598,19.40674696048116,False,False
10078,1.0912732329227686,False,none,5,1.9527529326699442,16.137988864724626,False,True
10078,1.0912732329227686,False,full,5,3.155397162519007,16.59504329311503,False,True
10076,1.7328861434338194,False,none,5,1.917607449128347,16.069527965815688,False,True
10076,1.7328861434338194,False,full,5,4.789798641791603,15.023574826941795,False,True
10077,1.003941830046433,False,none,5,16.795740605675224,28.47757238740066,False,True
10077,1.003941830046433,False,full,5,16.880228480687695,27.827281713556477,False,True
10079,5.890163408898424,False,none,5,27.51086125420267,32.20059408913318,False,True
10079,5.890163408898424,False,full,5,55.963523620435446,32.297893817340984,False,False
10080,0.3130545312330592,True,none,5,9.999157067498938,21.9031230384965,False,True
10080,0.3130545312330592,True,full,5,9.775966659923121,21.49566799283634,False,True
10074,0.36773590397717004,True,none,5,5.696759707682865,15.660947164441621,False,True
10074,0.36773590397717004,True,full,5,5.829651895902113,14.914117947162145,False,True
10081,4.402593107929503,False,none,5,11.829922470237898,32.2688245901871,False,True
10081,4.402593107929503,False,full,5,13.205761713594676,29.98150248977786,False,True
10084,0.33926030742770913,True,none,5,7.499402124454842,14.126230595574356,False,True
10084,0.33926030742770913,True,full,5,7.201973608715872,13.29981924968188,False,True
10086,1.2929218774721696,False,none,5,5.106506908114554,13.464491749798876,False,True
10086,1.2929218774721696,False,full,2,12.459037191137991,9.7231707150288,False,False
10085,0.504872905615244,True,none,5,4.721807320031859,19.184037799834098,False,True
10085,0.504872905615244,True,full,5,1.940287435197934,18.76339424490717,False,True
10093,0.27791067978896145,True,none,3,17.80730791055512,6.811497182340664,False,False
10093,0.27791067978896145,True,full,2,4.969966527309411,9.89193357456402,False,True
10087,0.8452963710651176,True,none,5,22.270471798358066,29.481508701888888,False,True
10087,0.8452963710651176,True,full,5,23.13099274730776,29.54571127273066,False,True
10089,2.6699526335423904,False,none,5,29.60327239424433,40.53801259969081,False,True
10089,2.6699526335423904,False,full,5,31.863718404661316,38.122228665798936,False,True
10108,0.7129296160805163,True,none,3,68.05232198240947,6.599544082741423,True,False
10108,0.7129296160805163,True,full,3,1.2930519647985297,8.755378162488942,False,True
10090,0.43575086608600844,True,none,5,3.518021117045322,10.245394381851133,False,True
10090,0.43575086608600844,True,full,3,3.597211835179919,8.616483949531188,False,True
10088,1.2437893438597523,False,none,5,14.501683824376654,27.55726285907067,False,True
10088,1.2437893438597523,False,full,5,12.491851378598156,25.18638415178001,False,True
10098,0.5578571562607809,True,none,5,3.098216371519758,14.226169884577425,False,True
10098,0.5578571562607809,True,full,4,2.5969549325008625,7.8477056065910515,False,True
10110,1.057602889983238,False,none,2,231.50285663304027,6.69343756292611,True,False
10110,1.057602889983238,False,full,3,8.11347741682474,9.69065824258531,False,True
10091,2.2021875781680973,False,none,5,6.239639603034987,20.70520465360725,False,True
10091,2.2021875781680973,False,full,5,11.069245068901242,12.893759050053855,False,True
10092,0.9096720098675135,False,none,5,4.851339547769532,16.384560677051,False,True
10092,0.9096720098675135,False,full,5,5.332264985762112,16.427806637762753,False,True
10114,0.7362855609050989,True,none,2,125.48143220156865,6.6667091050738865,True,False
10114,0.7362855609050989,True,full,3,3.564259827989625,9.939908921224028,False,True
10094,0.7897570512936222,True,none,5,19.58994990225522,26.212202494961115,False,True
10094,0.7897570512936222,True,full,5,19.197394737531884,25.151230408904187,False,True
10106,1.8556746232992114,False,none,3,13.843602680306438,6.425640508195422,False,False
10106,1.8556746232992114,False,full,3,4.815219977697335,9.751796262710792,False,True
10095,1.4628366544962854,False,none,5,4.874895379688407,12.823983562907078,False,True
10095,1.4628366544962854,False,full,5,7.254709729653828,12.65459692432181,False,True
10096,4.691413527161386,False,none,5,4.931375931297135,14.895602144086565,False,True
10096,4.691413527161386,False,full,5,7.097371702046078,16.872206808075838,False,True
10099,7.259785193468875,False,none,5,4.512787801404649,19.4692596208563,False,True
10099,7.259785193468875,False,full,5,4.469477530707876,19.194102389178706,False,True
10097,1.912995609206803,False,none,5,5.5558639060829185,14.060473894434077,False,True
10097,1.912995609206803,False,full,5,6.68929625226212,14.142499549122423,False,True
10115,0.09629848639754328,True,none,2,132.39235252661868,6.262530330407485,True,False
10115,0.09629848639754328,True,full,2,6.273863954804929,7.421009571460004,False,False
10100,1.4627881309585025,False,none,5,5.493565195316118,21.635055100973652,False,True
10100,1.4627881309585025,False,full,5,4.334621129049552,19.618033567425982,False,True
10101,4.982167108617392,False,none,5,11.551642602806803,27.090416914665592,False,True
10101,4.982167108617392,False,full,5,11.537552040200433,26.120391543386507,False,True
10107,0.3371023847915619,True,none,5,5.840778630337719,13.74827602100461,False,True
10107,0.3371023847915619,True,full,5,4.917910035381505,10.30957097297565,False,True
10104,0.2282179415364538,True,none,5,5.83879695226651,14.81797664964684,False,True
10104,0.2282179415364538,True,full,5,5.195593647359286,14.853175151162299,False,True
10102,5.888881413743244,False,none,5,15.896985265461241,23.772841121370202,False,True
10102,5.888881413743244,False,full,5,16.0530611918539,23.003408007384692,False,True
10103,3.7647136467316296,False,none,5,14.335965195248782,16.193787209993946,False,True
10103,3.7647136467316296,False,full,5,13.758038987099356,17.46575167666953,False,True
10112,1.1164583833422035,False,none,5,8.184770433326111,14.569584664241793,False,True
10112,1.1164583833422035,False,full,3,17.08187093980128,9.81536747167959,False,False
10109,1.5118502185191809,False,none,5,20.678232981984834,22.12822156848973,False,False
10109,1.5118502185191809,False,full,5,17.897859065037306,24.18906874170833,False,True
10105,2.9892779863019387,False,none,5,3.5391324727428617,10.283264821101229,False,True
10105,2.9892779863019387,False,full,5,2.5947616819004504,11.282250416385889,False,True
10121,1.9373307338681978,False,none,2,59.715861432209834,6.4653556976808515,True,False
10121,1.9373307338681978,False,full,3,2.243258572379567,9.856037290850177,False,True
10111,3.0050863813674114,False,none,5,27.929648002175128,28.90368782305141,False,True
10111,3.0050863813674114,False,full,5,29.136449746814055,25.85695347532726,False,True
10113,0.4056551299689007,True,none,5,7.96704577937225,13.867790443401612,False,True
10113,0.4056551299689007,True,full,5,8.479345416688982,14.731725277355508,False,True
10137,1.0010268959777944,False,none,2,81.88681392180926,6.335333111668964,True,False
10137,1.0010268959777944,False,full,2,5.654578361806444,6.399140591920214,False,True
10116,1.6192363185736316,False,none,5,5.422454666343,13.62807554765234,False,True
10116,1.6192363185736316,False,full,3,5.248154321876408,9.59368665566028,False,True
10129,0.28613664347064294,True,none,2,38.655313741438434,6.395268729474839,True,False
10129,0.28613664347064294,True,full,3,1.9556272743354381,9.845131421846933,False,True
10127,0.9767339972671412,False,none,3,8.887618053622985,9.765915495539272,False,False
10127,0.9767339972671412,False,full,2,11.502068791341383,5.856307829438022,False,False
10119,1.8223249286823044,False,none,2,24.803028516550288,6.6420089909845315,True,False
10119,1.8223249286823044,False,full,2,4.316078918303635,9.786121372711705,False,True
10132,0.5844433085209122,True,none,3,6.98239370784793,7.797898350934627,False,True
10132,0.5844433085209122,True,full,2,9.101684477934995,8.092682832099426,False,False
10133,0.461339821437314,True,none,5,3.8622151265509532,10.754185540936671,False,True
10133,0.461339821437314,True,full,3,4.685185055069124,4.37140638358505,False,False
10131,1.770828726237244,False,none,2,14.59462696618629,8.640816205737927,False,False
10131,1.770828726237244,False,full,3,3.712567710432723,7.556731798969205,False,True
10140,0.47666165686977047,True,none,2,194.55048193406435,6.62335033375703,True,False
10140,0.47666165686977047,True,full,2,1.5442686025568106,3.97858569455249,False,True
10117,4.396388943622133,False,none,5,4.52306588310267,11.964362364250468,False,True
10117,4.396388943622133,False,full,5,5.278938952959652,11.933424432147929,False,True
10118,3.3234047221922105,False,none,5,14.218300990713713,12.373207435199266,False,False
10118,3.3234047221922105,False,full,5,14.027600244489976,12.48475785267674,False,False
10122,3.90008523293972,False,none,5,5.298227284618347,13.037460123744932,False,True
10122,3.90008523293972,False,full,5,0.9868082393553433,12.642200013258497,False,True
10120,0.3700410281472826,True,none,5,10.144516474136532,14.102255686587794,False,True
10120,0.3700410281472826,True,full,5,6.1167948242037165,19.130795714623943,False,True
10123,0.873728098622121,False,none,5,4.145719657312114,13.981154492091456,False,True
10123,0.873728098622121,False,full,5,4.433483620007928,14.404624823337144,False,True
10141,0.17314093008292694,True,none,2,145.19294149437786,6.509357150543624,True,False
10141,0.17314093008292694,True,full,5,0.5417349788819562,10.776928023097858,False,True
10125,0.959338767552452,False,none,5,7.131574893653375,26.277103749643615,False,True
10125,0.959338767552452,False,full,5,7.787634582020744,26.166234194360857,False,True
10130,0.9505650503970491,False,none,5,3.393766690071042,11.96099872272909,False,True
10130,0.9505650503970491,False,full,5,1.2341714453514876,12.517253343199233,False,True
10124,0.19715960505198574,True,none,5,3.73239877835118,12.03611233685698,False,True
10124,0.19715960505198574,True,full,5,3.745497998538321,14.324981427242955,False,True
10126,0.7549335991824089,True,none,5,5.531731936382114,16.3723629209613,False,True
10126,0.7549335991824089,True,full,5,10.779338489756011,13.669055783202268,False,True
10128,0.24047103809034936,True,none,5,1.055650049386585,12.669706658994736,False,True
10128,0.24047103809034936,True,full,5,1.524375690207422,11.591157851422594,False,True
10135,0.5499191180382733,True,none,5,5.78211272951239,14.172240937594976,False,True
10135,0.5499191180382733,True,full,5,4.930149042504268,17.25927490112586,False,True
10134,1.1275885813910251,False,none,5,2.325816131754955,15.08746264493934,False,True
10134,1.1275885813910251,False,full,5,2.8747076244664007,11.378219549087143,False,True
10147,0.10929388532916863,True,none,2,74.5329324515971,6.3575463179767,True,False
10147,0.10929388532916863,True,full,5,2.1564531160001965,10.736304765242785,False,True
10153,2.4780701745953877,False,none,2,189.3057105143293,6.218116784297192,True,False
10153,2.4780701745953877,False,full,2,14.116380747588067,4.552192120388976,False,False
10143,0.570074335319341,True,none,5,11.46094290208514,13.50536329097708,False,True
10143,0.570074335319341,True,full,2,11.018933680944613,4.24496507163651,False,False
10139,2.513739240836363,False,none,5,3.3886717230797156,12.85696782818529,False,True
10139,2.513739240836363,False,full,5,2.241096866948544,12.787071081937755,False,True
10136,4.380367257392706,False,none,5,5.036645172972564,11.566589206434223,False,True
10136,4.380367257392706,False,full,5,6.701594702217173,10.693196242600806,False,True
10150,0.5134228291632137,True,none,2,177.0327871292745,6.506497835373916,True,False
10150,0.5134228291632137,True,full,4,2.3213343046084836,5.335399407135975,False,True
10145,1.2232022095919945,False,none,2,7.422294026049977,9.618249720451674,False,True
10145,1.2232022095919945,False,full,5,7.672138123564741,11.913688340154321,False,True
10138,1.5669387649723618,False,none,5,13.176861429283559,25.780064111649047,False,True
10138,1.5669387649723618,False,full,5,14.11061432609523,25.8722057359063,False,True
10159,0.44192742654706846,True,none,2,102.21355322402414,6.213409458248022,True,False
10159,0.44192742654706846,True,full,2,1.8622683594845362,5.089607573443061,False,True
10144,0.4225828038618766,True,none,5,6.514892932331419,12.294020198102714,False,True
10144,0.4225828038618766,True,full,3,5.655710649809722,6.588701483806342,False,True
10142,2.1880922313207023,False,none,5,5.241693124595704,12.364887944968686,False,True
10142,2.1880922313207023,False,full,5,6.021640372895537,13.181874167155756,False,True
10146,0.9549757310464486,False,none,4,12.902007470922483,9.953764451939142,False,False
10146,0.9549757310464486,False,full,5,10.84577304196072,10.771568312819502,False,False
10152,2.0074270635259266,False,none,2,149.0989826032732,6.4066425868273456,True,False
10152,2.0074270635259266,False,full,5,5.951546677924911,9.185148420619313,False,True
10156,0.2973567865220273,True,none,5,5.25155413383956,14.804456876726865,False,True
10156,0.2973567865220273,True,full,3,0.7587907788760113,4.0124557186544605,False,True
10158,0.34568956459582445,True,none,2,60.966910737948865,9.200653181761556,True,False
10158,0.34568956459582445,True,full,2,12.831062153497976,3.9671387253409014,False,False
10167,0.9037577032750936,False,none,2,8.464734952789117,6.370865812671491,False,False
10167,0.9037577032750936,False,full,2,1.4276821908772106,8.026102932816068,False,True
10148,3.202658945979944,False,none,5,19.519805909637743,27.012315754702495,False,True
10148,3.202658945979944,False,full,5,18.817690491390167,26.60341555765681,False,True
10149,6.750468166380263,False,none,5,29.137711977815886,30.750777334680702,False,True
10149,6.750468166380263,False,full,5,31.36905111934784,30.653280505015005,False,True
10151,4.4296076666588515,False,none,5,14.620346526666342,31.020912386550936,False,True
10151,4.4296076666588515,False,full,5,7.266773891774212,23.38186596986168,False,True
10154,2.874966436231702,False,none,4,18.171476253626523,9.72717903088598,False,False
10154,2.874966436231702,False,full,5,5.654733436117689,10.301498222159719,False,True
10157,0.7129225635970539,True,none,5,13.959933016470943,16.11801345250123,False,True
10157,0.7129225635970539,True,full,5,6.673669256008501,13.367730417352702,False,True
10155,0.5686259055078657,True,none,5,9.348261244741808,13.102216718452583,False,True
10155,0.5686259055078657,True,full,5,12.00632903192849,13.435342524440001,False,True
10175,2.1012333283364852,False,none,3,41.2342305086939,5.239459896900681,True,False
10175,2.1012333283364852,False,full,3,3.6378495758018676,9.087163388814881,False,True
10160,1.8940417939935974,False,none,5,3.590757906178049,16.301728876748683,False,True
10160,1.8940417939935974,False,full,5,2.6868463260005195,13.892905726683704,False,True
10164,1.7620818800289015,False,none,4,18.802493888499615,8.747879050892928,False,False
10164,1.7620818800289015,False,full,5,7.462044122122482,12.163225278647314,False,True
10181,1.6179629516379357,False,none,2,184.32616751102654,6.399635783362747,True,False
10181,1.6179629516379357,False,full,3,4.901385509379039,9.277994862879662,False,True
10169,1.3386484020966745,False,none,5,7.5343490607775205,12.334275573266673,False,True
10169,1.3386484020966745,False,full,5,2.4213455653722615,12.484675728599704,False,True
10161,0.11042483551057913,True,none,5,6.128744605655329,12.166432849439133,False,True
10161,0.11042483551057913,True,full,5,6.471676130535128,11.260056091287888,False,True
10162,3.2253011772571627,False,none,5,13.375212307339766,13.576979963250105,False,False
10162,3.2253011772571627,False,full,5,15.372827192526428,12.304593218068149,False,False
10172,3.8203217556495024,False,none,5,15.152417290568486,11.242788632000174,False,False
10172,3.8203217556495024,False,full,3,8.626091073691791,9.622914515904865,False,True
10168,0.32833349907831055,True,none,5,3.4670733188501393,14.652523370325346,False,True
10168,0.32833349907831055,True,full,3,1.4597731187998844,9.582817479016965,False,True
10163,0.09906893901832582,True,none,5,3.240688758613577,12.099535517734568,False,True
10163,0.09906893901832582,True,full,5,3.222639597113136,11.848901483159722,False,True
10166,2.3763367961208774,False,none,5,11.26352505529675,16.20751092831476,False,True
10166,2.3763367961208774,False,full,5,5.756150819801863,11.792905659347475,False,True
10180,0.39207865609814885,True,none,2,172.8969588035346,6.206291877987894,True,False
10180,0.39207865609814885,True,full,5,2.57552334764615,14.443625386058798,False,True
10165,2.8060113242457705,False,none,5,16.323315315861358,12.538723734091493,False,False
10165,2.8060113242457705,False,full,5,16.663864369558294,18.814819117511924,False,False
10173,5.232161709818571,False,none,5,7.712514066874061,13.923796882708757,False,True
10173,5.232161709818571,False,full,5,8.888870521136303,12.76466730026096,False,True
10170,3.8264137396040128,False,none,5,10.528689581085755,24.66896360917104,False,True
10170,3.8264137396040128,False,full,5,8.38174351879278,24.548870692763042,False,True
10171,0.7850896549081539,True,none,5,11.85967383864938,20.38288403958943,False,True
10171,0.7850896549081539,True,full,5,11.615546996140647,20.016517946081553,False,True
10174,3.2913641264940514,False,none,5,11.173828811057218,16.48002638182869,False,True
10174,3.2913641264940514,False,full,5,10.657598282109396,14.404517325400466,False,True
10188,0.12485801262717956,True,none,3,16.508520318044138,6.787465350807791,False,False
10188,0.12485801262717956,True,full,2,2.5091921799814387,5.5236350697879955,False,True
10177,1.4017938924479378,False,none,5,4.931510955229386,12.363207635367797,False,True
10177,1.4017938924479378,False,full,5,2.080651219398257,10.859957744525671,False,True
10179,0.7663273611568616,True,none,5,6.183230367302916,11.795675528206008,False,True
10179,0.7663273611568616,True,full,3,15.43071138304896,8.09296877302627,False,False
10176,2.0321893920179597,False,none,5,31.750681352175,32.711571660004125,False,True
10176,2.0321893920179597,False,full,5,32.95025111383858,30.811417438274233,False,False
10187,0.49343546461862814,True,none,2,14.03978641892609,7.841220185912197,False,False
10187,0.49343546461862814,True,full,3,2.077148107105093,8.60802018985094,False,True
10178,1.2266389641881823,False,none,5,2.2296233051147896,10.845843638208025,False,True
10178,1.2266389641881823,False,full,5,1.901611428484345,11.586390329601214,False,True
10195,0.44567767891917404,True,none,2,37.359959180286594,6.4785789899913375,True,False
10195,0.44567767891917404,True,full,3,3.220637062679006,8.718546664664059,False,True
10197,0.5755647976862625,True,none,2,141.54301247994033,6.276669287524679,True,False
10197,0.5755647976862625,True,full,2,2.388412859312744,9.576306052676976,False,True
10196,1.2223595672086254,False,none,2,41.540099758575394,6.488927675188864,True,False
10196,1.2223595672086254,False,full,5,19.893714908934054,12.879594909834184,False,False
10185,3.877440174313159,False,none,5,7.830370093561627,25.373703422542285,False,True
10185,3.877440174313159,False,full,5,7.66674202020081,23.044888708391763,False,True
10182,1.1291762282664972,False,none,5,14.987373123502977,16.955813886532276,False,True
10182,1.1291762282664972,False,full,5,9.564588250189935,19.12976099395164,False,True
10184,0.5811174102892673,True,none,5,3.202052822911149,12.739580620612905,False,True
10184,0.5811174102892673,True,full,5,3.1410182498548767,13.104073443696686,False,True
10183,2.439586167134554,False,none,5,6.687072676501474,12.245387542174475,False,True
10183,2.439586167134554,False,full,5,6.4168411334307125,12.595169877289003,False,True
10204,0.3479703668160439,True,none,2,85.57329128109507,6.236209414228413,True,False
10204,0.3479703668160439,True,full,2,2.72410598451747,8.118852872913696,False,True
10200,0.7441552846997768,True,none,3,122.37300792560262,5.203990078426449,True,False
10200,0.7441552846997768,True,full,2,5.016968458634893,9.626396837736113,False,True
10186,2.2251035952273157,False,none,5,4.764858827858114,18.805618930114736,False,True
10186,2.2251035952273157,False,full,5,5.49293157189906,19.044361338205803,False,True
10191,0.36624216604661586,True,none,5,6.452217352226476,11.75954629088654,False,True
10191,0.36624216604661586,True,full,5,4.972622049215802,11.266668279369588,False,True
10206,1.0156181061595215,False,none,2,5.651309585261867,6.336546420851481,False,True
10206,1.0156181061595215,False,full,4,4.249465750539524,5.771395374005191,False,True
10201,5.0091049206819145,False,none,2,94.3567976455712,6.711316373541856,True,False
10201,5.0091049206819145,False,full,5,32.9008746838249,12.155111594660589,False,False
10199,0.07854831089989474,True,none,3,9.610422792303812,5.693140721189246,False,False
10199,0.07854831089989474,True,full,3,4.896671660537075,9.202024981916008,False,True
10189,0.6395026177983855,True,none,5,4.897122269134866,17.56775324237452,False,True
10189,0.6395026177983855,True,full,5,5.65907845482099,15.868826886619257,False,True
10192,1.9365657715259939,False,none,4,3.0947482989272044,9.787361411871403,False,True
10192,1.9365657715259939,False,full,5,3.41472551695546,12.839658944153197,False,True
10190,0.33938380677143865,True,none,5,7.405999819880844,18.26829327880172,False,True
10190,0.33938380677143865,True,full,5,8.467101124579674,17.70233311138365,False,True
10193,1.100507091699995,False,none,5,6.522011733709208,18.55814324356733,False,True
10193,1.100507091699995,False,full,5,4.393017014277895,17.03176735464979,False,True
10194,0.5418697480101575,True,none,5,5.006130275290617,15.058700411512937,False,True
10194,0.5418697480101575,True,full,5,4.969005750451826,15.56826977781324,False,True
10202,1.6075261966614183,False,none,4,12.095310359520346,9.03496284548728,False,False
10202,1.6075261966614183,False,full,4,15.020225389606175,7.142296536993912,False,False
10198,4.5058287937980035,False,none,5,12.294962864720896,18.508383815862814,False,True
10198,4.5058287937980035,False,full,5,10.82531581838963,20.680596532756507,False,True
10221,0.34564552131084575,True,none,2,143.07569396886834,6.5969591720979555,True,False
10221,0.34564552131084575,True,full,2,4.0622545728495,8.37932660915573,False,True
10218,0.2855382693322125,True,none,2,162.7333314098094,6.561762209246677,True,False
10218,0.2855382693322125,True,full,3,2.899193780839735,8.63797375130064,False,True
10203,0.2406078822482506,True,none,5,4.531570185959202,15.45788452748898,False,True
10203,0.2406078822482506,True,full,5,4.4628293487922885,16.824154371322653,False,True
10205,2.308292056321276,False,none,5,12.872890956397232,21.085498439520695,False,False
10205,2.308292056321276,False,full,5,20.123188424198503,14.684758653117102,False,False
10207,4.265000141578467,False,none,5,1.161922652662462,11.458788122653749,False,True
10207,4.265000141578467,False,full,5,3.483220190555714,11.185490529459177,False,True
10211,0.5306652816647156,True,none,5,3.0444444344598356,12.031914561472496,False,True
10211,0.5306652816647156,True,full,4,3.529220497074434,6.463566186742772,False,True
10220,0.7490683975779309,True,none,2,148.3249364514266,6.54955342931435,True,False
10220,0.7490683975779309,True,full,5,4.703172739010915,11.570612593394813,False,True
10229,0.11085629063309996,True,none,2,169.4479817257503,6.325894041572746,True,False
10229,0.11085629063309996,True,full,2,7.534153145311387,7.160033389450961,False,False
10208,0.3037834426028055,True,none,5,7.93185997777561,15.47626801475103,False,True
10208,0.3037834426028055,True,full,5,7.328996512592813,16.38879120878903,False,True
10209,0.15982367340847534,True,none,5,4.396492761017542,13.751255155242077,False,True
10209,0.15982367340847534,True,full,5,4.307597613334955,21.273446319004197,False,True
10212,0.7915272820037201,True,none,5,1.2883000221321121,14.38095829865997,False,True
10212,0.7915272820037201,True,full,5,2.2693997725374793,6.907552006160123,False,True
10210,2.6578664767186995,False,none,5,10.49768406377593,13.971379917939068,False,True
10210,2.6578664767186995,False,full,5,9.76346683914286,14.541456785660761,False,True
10217,1.537565110125188,False,none,2,40.31936346803035,7.880039392806172,True,False
10217,1.537565110125188,False,full,5,5.235696708448375,13.135652561684857,False,True
10230,0.23713498546775008,True,none,2,89.5600731351501,6.247724288009357,True,False
10230,0.23713498546775008,True,full,2,2.911467537520451,7.983118476697566,False,True
10222,0.5863852801158903,True,none,5,2.6640926803804605,11.428378873322954,False,True
10222,0.5863852801158903,True,full,5,8.261637535229,13.885029447860601,False,True
10223,4.812753284311327,False,none,3,31.056801994049945,5.428931663779974,True,False
10223,4.812753284311327,False,full,3,43.894490216402204,6.380182574793288,True,False
10214,1.5619309108048174,False,none,5,9.65825236169575,15.178289134073125,False,True
10214,1.5619309108048174,False,full,5,8.7167713018401,16.39228210362097,False,True
10213,1.4858085897285627,False,none,5,11.635864603822325,20.50898886678765,False,True
10213,1.4858085897285627,False,full,5,14.201312412779423,20.164688408551736,False,True
10215,0.09777417510804956,True,none,5,1.974122646620805,13.593875818128042,False,True
10215,0.09777417510804956,True,full,5,3.479691862728728,14.304725858742767,False,True
10225,0.4088774031405204,True,none,3,33.608862660977756,9.52918811828909,True,False
10225,0.4088774031405204,True,full,3,4.377072608724957,7.508374234713511,False,True
10216,1.878805921298308,False,none,5,1.4403966555543806,14.557105200185783,False,True
10216,1.878805921298308,False,full,5,2.6040829862910737,13.667537720833081,False,True
10233,1.1670419918810235,False,none,2,39.96865410273414,6.6698419510990075,True,False
10233,1.1670419918810235,False,full,2,0.9977708175169866,9.158909851846495,False,True
10241,0.09032535891122657,True,none,2,86.7014876361254,6.4342575593598985,True,False
10241,0.09032535891122657,True,full,2,1.4163361649263035,7.960330522713073,False,True
10219,2.221896579557257,False,none,5,9.36825998145425,16.849946130423035,False,True
10219,2.221896579557257,False,full,5,6.801478490224323,15.499058956599862,False,True
10231,1.2284903412568937,False,none,2,39.83877265147463,8.521890848574694,True,False
10231,1.2284903412568937,False,full,3,9.270613195465184,8.034112243283891,False,True
10232,1.5897924924824518,False,none,3,9.554569545670452,7.608594367831443,False,False
10232,1.5897924924824518,False,full,2,15.03900474119239,9.619066814878092,False,False
10238,1.6979185517441908,False,none,2,149.19944254561378,6.223752482733118,True,False
10238,1.6979185517441908,False,full,4,1.9930492219609186,8.73783517303163,False,True
10226,1.111931443659927,False,none,5,2.099820388262482,11.032269819151525,False,True
10226,1.111931443659927,False,full,5,2.9134446272832437,13.262631755670064,False,True
10224,2.3754348086172747,False,none,5,17.805680929016283,24.508803559580343,False,True
10224,2.3754348086172747,False,full,5,13.047020571312858,21.681339247986475,False,True
10247,0.20132922363047734,True,none,2,85.40305889924305,7.8055498051224586,True,False
10247,0.20132922363047734,True,full,2,3.3746731152085845,3.6579711723936024,False,True
10235,0.2010631737703474,True,none,4,8.503708408478909,8.492043136184472,False,True
10235,0.2010631737703474,True,full,3,5.9494641910189605,7.668237818052535,False,False
10227,0.8966384191566753,False,none,5,3.0327224742489864,17.107760554866793,False,True
10227,0.8966384191566753,False,full,5,6.032001357657272,15.989508572291797,False,True
10228,4.922843666247632,False,none,5,7.270055746347307,16.33440919798144,False,True
10228,4.922843666247632,False,full,5,11.128737779642284,12.354931354454587,False,True
10234,1.5057089656027411,False,none,4,11.091022737610228,8.0713836949829,False,False
10234,1.5057089656027411,False,full,3,4.072759115246658,8.590623975131734,False,True
10240,0.2959397025944499,True,none,5,3.2595025380880482,13.58502872328908,False,True
10240,0.2959397025944499,True,full,3,10.961708840371344,7.935854699434596,False,False
10254,0.34322518458763057,True,none,2,65.60302105163973,6.3399074748358535,True,False
10254,0.34322518458763057,True,full,2,1.6373509085850269,5.998994610520354,False,True
10237,2.0367584969874324,False,none,5,4.103424878438313,10.540463040770714,False,True
10237,2.0367584969874324,False,full,5,6.814641918547719,13.321762137246282,False,True
10248,3.2580248348702905,False,none,4,5.43725665870954,9.344047367264396,False,True
10248,3.2580248348702905,False,full,3,3.9769885166126424,8.969696353489933,False,True
10256,1.8786536996131695,False,none,3,5.511496915449467,8.704483160815483,False,True
10256,1.8786536996131695,False,full,2,1.2911900342655607,9.133156880884803,False,True
10236,6.484981210049744,False,none,5,7.962275917441116,11.250114458045651,False,True
10236,6.484981210049744,False,full,5,5.728618420893182,16.333120305430135,False,True
10239,1.325680275434978,False,none,5,7.876447163429765,17.768588939185186,False,True
10239,1.325680275434978,False,full,5,6.554382480256741,16.620141985016993,False,True
10262,1.4197923092967528,False,none,2,147.38830959001115,6.301700776162017,True,False
10262,1.4197923092967528,False,full,3,15.21731886522794,6.768325238929005,False,False
10250,1.1803527398769407,False,none,3,3.965421765262023,8.585294738511811,False,True
10250,1.1803527398769407,False,full,5,5.0514027951367195,10.92514102696409,False,True
10245,0.5252675805997337,True,none,3,8.058212413504043,9.391403056690745,False,False
10245,0.5252675805997337,True,full,5,2.0904755733015197,12.895937412929385,False,True
10253,0.36514548420606197,True,none,5,8.849518277710757,13.600262600853169,False,True
10253,0.36514548420606197,True,full,3,8.355197269521607,5.635915122548449,False,False
10242,3.7788786065615017,False,none,5,8.961118284898284,12.32125564022339,False,True
10242,3.7788786065615017,False,full,5,6.410036945745979,12.653982974554745,False,True
10249,3.3264504490343723,False,none,5,5.192614512895017,11.144876873055185,False,True
10249,3.3264504490343723,False,full,5,8.215076555367641,15.681809074774174,False,True
10257,4.431754851146372,False,none,3,3.104883960364266,9.360743942083129,False,True
10257,4.431754851146372,False,full,3,5.0496050624434945,8.416256233772272,False,True
10243,1.1425169426719564,False,none,5,14.19111791801014,19.72759888311381,False,True
10243,1.1425169426719564,False,full,5,11.80262750546557,16.965504172385813,False,True
10255,0.7493025206166947,True,none,2,143.29173531901728,6.148537305247511,True,False
10255,0.7493025206166947,True,full,5,8.98326560550204,11.292231502226825,False,True
10244,5.501122929955026,False,none,5,14.863745127206062,14.40497734041757,False,False
10244,5.501122929955026,False,full,5,15.107070533292536,11.218427117324499,False,False
10264,0.7563331710301482,True,none,3,6.00772450295857,8.539564000852158,False,True
10264,0.7563331710301482,True,full,3,5.932129218267109,4.889299240726012,False,False
10246,2.2777022391148014,False,none,5,6.410925891405598,12.088388526956656,False,True
10246,2.2777022391148014,False,full,5,7.289560572481845,11.352172529716958,False,True
10251,1.79263910646535,False,none,5,3.7501620796509427,14.177996148424794,False,True
10251,1.79263910646535,False,full,5,3.883063660110468,13.485134704910612,False,True
10260,0.15764804852412073,True,none,5,3.926161577595245,13.952493903440512,False,True
10260,0.15764804852412073,True,full,2,10.812402528476154,6.442607770665909,False,False
10252,3.238987522051385,False,none,5,13.170330242257346,16.10794407040635,False,False
10252,3.238987522051385,False,full,5,12.42627657745679,16.494699177188156,False,True
10258,1.1931421242829434,False,none,3,7.75398392174203,7.78144986958638,False,True
10258,1.1931421242829434,False,full,5,7.899443446749825,20.395104325267162,False,True
10259,0.2512199239389445,True,none,5,7.122696316827631,14.116057174342282,False,True
10259,0.2512199239389445,True,full,5,6.706011008849546,14.98450070725034,False,True
10278,0.5544782663229793,True,none,2,123.75126341024874,6.577226993236385,True,False
10278,0.5544782663229793,True,full,2,12.971567991586193,7.949072199899413,False,False
10261,1.5751546927093758,False,none,5,8.162504775944939,20.438332481982,False,True
10261,1.5751546927093758,False,full,5,10.390227091835301,20.097585412239212,False,True
10283,0.4684748998578437,True,none,2,12.743902211584281,6.4310452522423835,False,False
10283,0.4684748998578437,True,full,2,2.808732047356034,6.130225509818132,False,True
10263,1.8047423094305486,False,none,5,9.123564870076416,11.054451626416963,False,True
10263,1.8047423094305486,False,full,5,7.879469413445162,11.006367730820966,False,True
10265,0.38917731159588775,True,none,5,1.8156748796741804,11.905124504620561,False,True
10265,0.38917731159588775,True,full,5,1.6867044344815865,13.094804872408139,False,True
10266,1.0265147243213215,False,none,3,14.34934870633,8.321912197041321,False,False
10266,1.0265147243213215,False,full,5,1.3959729058510737,11.643378736225127,False,True
10275,3.826295636844283,False,none,2,127.05002173173988,6.3472915941043535,True,False
10275,3.826295636844283,False,full,5,7.205233883997279,16.81396776524828,False,True
10267,0.3081668921062058,True,none,5,3.772824907950369,11.349257203599027,False,True
10267,0.3081668921062058,True,full,4,2.070370626670074,5.6144878328734675,False,True
10272,0.18959142795524103,True,none,3,2.515302737600352,9.667065770619159,False,True
10272,0.18959142795524103,True,full,4,8.649979236526734,9.897342653683337,False,True
10271,0.98434504423779,False,none,5,10.912871021541447,13.684792351039844,False,True
10271,0.98434504423779,False,full,3,11.265148344141267,7.1199244624051214,False,False
10268,5.455574817716217,False,none,5,11.229467055294146,26.987646582975223,False,True
10268,5.455574817716217,False,full,5,11.457493711059872,24.681997970033514,False,True
10269,3.500890919807939,False,none,5,6.389384816514808,11.108898637058376,False,True
10269,3.500890919807939,False,full,5,9.873896563726964,14.079979308326362,False,True
10280,1.482556918191946,False,none,3,1.5419965157326871,8.154413967221723,False,True
10280,1.482556918191946,False,full,5,3.7754298864987557,11.623641071144736,False,True
10274,4.031054281958135,False,none,5,3.018061823433579,16.795678384739894,False,True
10274,4.031054281958135,False,full,5,3.1419671448450956,15.766118328442241,False,True
10270,0.38565018536804446,True,none,5,11.79293734824564,16.865217951740767,False,True
10270,0.38565018536804446,True,full,5,13.620623129623077,17.305219411078053,False,True
10273,1.1899837711861667,False,none,5,3.577646209911883,17.375179419407786,False,True
10273,1.1899837711861667,False,full,5,2.741394841800565,14.52344619218902,False,True
10276,0.1428818194973585,True,none,5,5.517556223180512,13.376526334559124,False,True
10276,0.1428818194973585,True,full,5,5.13567227161839,12.945964585384198,False,True
10281,1.4480550802429526,False,none,5,9.855538394115618,25.869853348030563,False,True
10281,1.4480550802429526,False,full,5,9.35258118955367,24.4068876445814,False,True
10277,2.365812228710257,False,none,5,21.742553626651343,30.07468604439921,False,True
10277,2.365812228710257,False,full,5,22.215403048857198,28.68332549692779,False,True
10282,3.96292021706221,False,none,4,11.677387616188152,9.921705567351392,False,False
10282,3.96292021706221,False,full,5,6.343295112675,12.723858540872842,False,True
10287,1.7642250944927285,False,none,3,3.778666577017076,8.065703831811899,False,True
10287,1.7642250944927285,False,full,5,11.59857052966309,14.20131652107474,False,True
10279,1.3714716781824736,False,none,5,13.088477591982654,19.174361896458887,False,True
10279,1.3714716781824736,False,full,5,9.183771893053326,17.480469219320664,False,True
10288,0.22864808504749318,True,none,3,5.32131866580875,8.6446161115414,False,True
10288,0.22864808504749318,True,full,3,4.3980230464483645,6.714075753077536,False,True
10299,0.8409799536716681,True,none,2,58.47737898357823,6.337195502927306,True,False
10299,0.8409799536716681,True,full,2,18.4698308981628,8.97689715099489,False,False
10284,0.5026392629907198,True,none,5,13.397463720935676,14.430144911756926,False,True
10284,0.5026392629907198,True,full,5,11.736214690204303,14.362266557480158,False,True
10294,1.3977531715801987,False,none,3,8.379727082754904,9.429254043029225,False,False
10294,1.3977531715801987,False,full,2,11.471979871755291,6.362608428587398,False,False
10285,1.7405113636987668,False,none,5,22.779737686133885,19.327567175770504,False,False
10285,1.7405113636987668,False,full,5,21.176736967656215,20.23907708918994,False,True
10298,0.37113117471099144,True,none,2,150.14414168486155,6.239064121871622,True,False
10298,0.37113117471099144,True,full,3,3.333224688883108,9.17336994397367,False,True
10286,0.6367829035983041,True,none,5,4.71352012584608,18.998868863728944,False,True
10286,0.6367829035983041,True,full,5,5.87991633461652,17.559189402549155,False,True
10290,2.566453112276634,False,none,5,20.557876780596217,18.36729137367005,False,False
10290,2.566453112276634,False,full,5,21.631467034331205,17.66078235977755,False,False
10289,1.8359535794922388,False,none,5,7.269240741763302,12.658853196963927,False,True
10289,1.8359535794922388,False,full,5,4.377222647688687,11.119428307053282,False,True
10293,0.6396392164594413,True,none,5,5.9050643865873615,11.350112961692238,False,True
10293,0.6396392164594413,True,full,5,5.1829810272513335,11.419552252408879,False,True
10312,0.6490691714260004,True,none,2,115.25986869201742,6.345012941026799,True,False
10312,0.6490691714260004,True,full,3,6.573430711271235,7.696747394243535,False,True
10307,1.2778643222076151,False,none,3,14.575076904524748,8.515574904080664,False,False
10307,1.2778643222076151,False,full,2,5.620311753652748,6.689005806627213,False,True
10305,0.5463485820123207,True,none,2,97.8591707958729,6.510042205650202,True,False
10305,0.5463485820123207,True,full,5,2.8616602450050865,13.569234440371126,False,True
10302,0.4915248152862987,True,none,5,2.122032242610541,15.394031113243203,False,True
10302,0.4915248152862987,True,full,2,11.196133385928054,6.315346260780977,False,False
10295,1.2752843018533515,False,none,5,12.514947083622634,13.900491062512705,False,True
10295,1.2752843018533515,False,full,5,12.08033545935069,7.2409792838951335,False,False
10309,0.8837104803911009,False,none,2,88.54225343942541,9.136226949447144,True,False
10309,0.8837104803911009,False,full,5,3.8066970582454593,14.382984952222333,False,True
10297,1.054038492124046,False,none,5,19.203166275182404,11.974255430419635,False,False
10297,1.054038492124046,False,full,5,5.080768856508519,12.825560209633904,False,True
10292,2.3065836741589725,False,none,5,1.61774700414763,13.428082867486635,False,True
10292,2.3065836741589725,False,full,5,1.1243405823076167,13.457440397719386,False,True
10291,0.40322523925706,True,none,5,4.447076708762585,14.163347991050921,False,True
10291,0.40322523925706,True,full,5,2.459657893364529,12.065937240493037,False,True
10304,0.11746912102663541,True,none,3,5.730200494711984,9.889737787017554,False,True
10304,0.11746912102663541,True,full,3,4.963879866238934,4.656879535237546,False,True
10300,0.6153111252157955,True,none,3,27.21918079449295,5.4124446079891655,True,False
10300,0.6153111252157955,True,full,5,5.438765568415843,10.842189873422189,False,True
10296,1.856747350913418,False,none,5,7.261135842062968,16.42761008925641,False,True
10296,1.856747350913418,False,full,5,6.820836487590262,16.6135357477495,False,True
10310,0.26069514428827206,True,none,5,9.07299828910313,11.600353314981835,False,True
10310,0.26069514428827206,True,full,2,7.832370935785244,9.636569263334358,False,False
10301,0.49033789099487285,True,none,4,17.535357605886137,9.456873908106802,False,False
10301,0.49033789099487285,True,full,3,5.314013026212999,8.336280183221193,False,True
10311,1.1342787597891095,False,none,5,2.3370089750899132,12.504316994121412,False,True
10311,1.1342787597891095,False,full,3,3.7144973383016193,9.663602225173461,False,True
10318,0.5055324261726996,True,none,2,60.11743751391444,6.303073308285627,True,False
10318,0.5055324261726996,True,full,3,4.603781841973717,6.120189628100017,False,True
10303,0.8633613908735753,True,none,5,5.527126429435254,13.336430447171459,False,True
10303,0.8633613908735753,True,full,5,3.168380908436777,13.203327628019318,False,True
10325,0.16407722584007461,True,none,2,14.623397474271405,6.390095798401722,False,False
10325,0.16407722584007461,True,full,2,3.5832692626348734,7.044697176423649,False,True
10317,3.533604968711628,False,none,4,11.253630547789939,8.864469121377734,False,False
10317,3.533604968711628,False,full,3,9.981635530017751,7.460324604994522,False,False
10316,0.8319604886793008,True,none,2,61.86868091680681,6.490595532344396,True,False
10316,0.8319604886793008,True,full,5,2.111153210133343,12.085183454149474,False,True
10306,1.2819687438640024,False,none,5,2.997531602942379,11.540529034495927,False,True
10306,1.2819687438640024,False,full,3,2.526398550282401,9.989571752327397,False,True
10320,0.34895355078860474,True,none,2,18.600829836996386,6.480856858608309,False,False
10320,0.34895355078860474,True,full,2,2.4976276108604494,9.232025963166917,False,True
10327,0.10234859366768116,True,none,2,181.42602239699724,6.267941221083884,True,False
10327,0.10234859366768116,True,full,3,1.932643229276236,6.705927285007148,False,True
10308,1.7548238526731494,False,none,5,19.528125351168917,21.650229857135407,False,True
10308,1.7548238526731494,False,full,5,18.248055280914496,20.646721945519456,False,True
10319,0.9189292577403557,False,none,5,6.03171761640832,12.002306005796054,False,True
10319,0.9189292577403557,False,full,3,4.754044195221811,5.791382987990791,False,True
10315,1.578809739202035,False,none,4,21.38057955416474,8.593317636992023,True,False
10315,1.578809739202035,False,full,5,6.983891954171736,12.587628020094485,False,True
10313,0.6106179645441128,True,none,5,6.138316452042308,13.688576678621686,False,True
10313,0.6106179645441128,True,full,5,7.039109429485569,13.117357260440334,False,True
10333,0.30845869177162005,True,none,2,211.51008042270186,5.454573160584638,True,False
10333,0.30845869177162005,True,full,2,5.531421554874477,7.638500584360802,False,True
10322,0.3889933805559829,True,none,5,4.94478540324352,13.180347094623436,False,True
10322,0.3889933805559829,True,full,3,6.469245228685282,5.949600632178956,False,False
10314,0.49701083120425515,True,none,5,4.96510794369051,12.917796322127328,False,True
10314,0.49701083120425515,True,full,5,3.656298458575589,13.164470866699409,False,True
10328,0.5606052267312075,True,none,5,6.205445190520605,12.742271286682294,False,True
10328,0.5606052267312075,True,full,3,5.0044721908962275,5.951204389218089,False,True
10339,1.465298000866741,False,none,3,13.717957287457583,6.732131942915234,False,False
10339,1.465298000866741,False,full,2,4.278300162018753,6.927481273297518,False,True
10321,0.6285468431427187,True,none,5,8.184548689278179,15.309987712366832,False,True
10321,0.6285468431427187,True,full,5,9.752422975605134,15.635061684493026,False,True
10340,1.034655675706336,False,none,3,39.17289912824042,9.02463683853858,True,False
10340,1.034655675706336,False,full,5,5.228759533105646,5.679486206096692,False,True
10348,0.2643219921320084,True,none,2,98.59031334676433,6.002011723623421,True,False
10348,0.2643219921320084,True,full,4,2.166320786365747,6.586163863458646,False,True
10330,0.5518826930835853,True,none,5,9.918621993792641,20.598954935877632,False,True
10330,0.5518826930835853,True,full,5,5.197498539131667,13.819122924444182,False,True
10334,1.2555427293422727,False,none,5,7.641693994097819,11.241132157124133,False,True
10334,1.2555427293422727,False,full,2,7.681378411754036,6.852557654567682,False,False
10323,0.31663605987488763,True,none,5,4.932775280732581,12.434068938746677,False,True
10323,0.31663605987488763,True,full,5,3.2212818588750083,11.853919145587533,False,True
10326,2.167936573802488,False,none,5,7.062558375570696,11.901006489970419,False,True
10326,2.167936573802488,False,full,5,5.270650718122679,13.881760818160457,False,True
10344,0.24834604505966182,True,none,3,1.8623767344779918,9.083607723312054,False,True
10344,0.24834604505966182,True,full,3,0.6684739425893127,5.697778991360522,False,True
10324,0.4181593859617402,True,none,5,5.90530176702238,13.751121954383997,False,True
10324,0.4181593859617402,True,full,5,4.826333806271657,14.966640129892602,False,True
10343,0.16841146028539608,True,none,2,140.00373067785233,8.676899293388963,True,False
10343,0.16841146028539608,True,full,5,3.052897570008392,10.731667291234695,False,True
10329,1.0059933624445399,False,none,5,8.051960436484633,19.856322839543193,False,True
10329,1.0059933624445399,False,full,5,8.517318319407146,16.627715888007163,False,True
10331,0.7351810033789554,True,none,5,7.555019371153788,21.65528368990891,False,True
10331,0.7351810033789554,True,full,5,7.841512873125974,17.88604014221601,False,True
10335,1.7802209854820519,False,none,5,19.05787654310241,8.635026689617078,False,False
10335,1.7802209854820519,False,full,5,3.6751543999007645,9.323591117915813,False,True
10332,1.1492267727491368,False,none,5,5.433468724360347,12.628191711923346,False,True
10332,1.1492267727491368,False,full,5,3.047408886626952,12.468744631388025,False,True
10351,0.07564699588789094,True,none,2,202.39540756897136,6.180100730321147,True,False
10351,0.07564699588789094,True,full,2,2.3058767672465312,6.527809506317395,False,True
10345,1.649567644914811,False,none,3,3.6942050640044415,8.572414635236028,False,True
10345,1.649567644914811,False,full,5,4.095896135218368,11.153933073901948,False,True
10336,0.5795341067856192,True,none,5,6.516067111840969,21.864741223195427,False,True
10336,0.5795341067856192,True,full,5,5.620620786073274,21.29266006821742,False,True
10338,1.2187051759327006,False,none,5,7.600288828555145,14.485061249197406,False,True
10338,1.2187051759327006,False,full,5,7.111258420650425,14.528836540173772,False,True
10337,0.7367748673682248,True,none,5,6.715278291723241,13.812653107265639,False,True
10337,0.7367748673682248,True,full,5,4.033263849695122,14.209487213970744,False,True
10341,1.2975664245691474,False,none,5,2.191185785808189,12.912699982538433,False,True
10341,1.2975664245691474,False,full,5,4.774865356662729,14.994879923747307,False,True
10353,0.70490175868055,True,none,2,126.15299210563388,6.2636724438505755,True,False
10353,0.70490175868055,True,full,5,3.474257853565122,16.18716641888692,False,True
10357,1.302497746175312,False,none,2,126.10848785037068,6.189900718250475,True,False
10357,1.302497746175312,False,full,3,4.229960884438838,7.3519192970343035,False,True
10347,0.6374076253565933,True,none,5,2.5748745804655297,17.45795222260469,False,True
10347,0.6374076253565933,True,full,5,3.961128577699254,11.529177670782673,False,True
10364,0.6392976876169991,True,none,3,40.68077766049707,5.159744356429949,True,False
10364,0.6392976876169991,True,full,2,8.681017682334987,7.28059123468173,False,False
10356,0.887736485611684,False,none,2,61.36949044519181,6.390544501463141,True,False
10356,0.887736485611684,False,full,5,5.963703599745114,12.09843157725275,False,True
10366,1.3113036831243667,False,none,2,158.40678430258973,6.33245869112419,True,False
10366,1.3113036831243667,False,full,2,12.186771274848692,4.664955518558836,False,False
10355,1.2790932049162422,False,none,2,52.864163204945974,6.560563987961715,True,False
10355,1.2790932049162422,False,full,5,5.2281016320973475,10.619569226201252,False,True
10342,0.846674918228304,True,none,5,9.639311144224035,20.212326293628664,False,True
10342,0.846674918228304,True,full,5,7.130835811854673,19.165185795310002,False,True
10349,1.8743596168745678,False,none,5,1.9801545396253803,12.167810975936579,False,True
10349,1.8743596168745678,False,full,5,1.8111178596467508,12.183386668975674,False,True
10346,0.48473808275187386,True,none,5,5.1045620326879195,15.391679436261214,False,True
10346,0.48473808275187386,True,full,5,5.667407131770371,15.877640646496955,False,True
10358,1.7509050408803566,False,none,5,4.889543218063366,10.74536395528074,False,True
10358,1.7509050408803566,False,full,3,4.094616953147682,6.797212604168853,False,True
10350,1.1029760021803305,False,none,5,8.261960743715411,15.287909454135384,False,True
10350,1.1029760021803305,False,full,5,10.706483131190017,13.181809687384296,False,True
10352,0.4783054842871281,True,none,5,3.754709628645114,11.41509522590831,False,True
10352,0.4783054842871281,True,full,2,14.656298334354027,7.828870170392764,False,False
10367,0.21751707497103437,True,none,5,6.291618261829061,10.363061996036107,False,True
10367,0.21751707497103437,True,full,2,8.98449384324533,7.7862362061967385,False,True
10354,0.7218684783597722,True,none,5,5.545555976327361,15.881503260624854,False,True
10354,0.7218684783597722,True,full,3,8.896899643404215,7.8265293828272045,False,False
10376,0.49799481462185086,True,none,2,47.22988449634122,6.404436586663701,True,False
10376,0.49799481462185086,True,full,3,6.451575382770543,6.73008274284528,False,False
10361,0.6519318635540261,True,none,3,9.354191672931039,6.156981408208871,False,False
10361,0.6519318635540261,True,full,5,3.677628247898439,13.192196688917718,False,True
10373,0.6609545335558714,True,none,2,137.72145636196313,6.176630616989243,True,False
10373,0.6609545335558714,True,full,2,15.811406567777526,6.4594245803853045,False,False
10375,1.1022319671312573,False,none,2,26.219873081976512,6.438947935034398,True,False
10375,1.1022319671312573,False,full,3,7.060351176059329,7.847150447901106,False,True
10360,0.783449528129475,True,none,5,4.144033282461935,19.93061284270691,False,True
10360,0.783449528129475,True,full,5,3.0308123899427013,16.186687234292336,False,True
10359,2.6547097852914474,False,none,5,13.70009448695155,24.59553568311467,False,True
10359,2.6547097852914474,False,full,5,12.070097582785902,22.224525041233175,False,True
10362,0.48596080218844884,True,none,5,5.105333645276314,13.8699498787032,False,True
10362,0.48596080218844884,True,full,5,7.4805377746734925,13.027766003457469,False,True
10363,3.493002844235175,False,none,5,10.791098589188588,25.52300046750663,False,True
10363,3.493002844235175,False,full,5,3.8122317750506722,24.865456199372346,False,True
10378,1.1000130301637474,False,none,2,54.2245928730497,6.529199680061056,True,False
10378,1.1000130301637474,False,full,5,1.1407966658191484,10.56208394716543,False,True
10365,1.7748036915918577,False,none,5,10.142092192789764,22.722215069943175,False,True
10365,1.7748036915918577,False,full,5,6.26397440259408,21.3105211381881,False,True
10369,0.7663663863051836,True,none,5,8.127636183787285,12.85815889220937,False,True
10369,0.7663663863051836,True,full,5,7.236027752536824,12.610015731455128,False,True
10384,0.3784429758785293,True,none,4,18.166622729560913,9.671717021796088,False,False
10384,0.3784429758785293,True,full,3,6.537437454807844,5.59274726648178,False,True
10380,0.39703645513077596,True,none,5,3.4452378999219677,17.10735914456198,False,True
10380,0.39703645513077596,True,full,2,5.725736306474969,6.937962423810388,False,True
10370,1.8082958059646532,False,none,5,0.8675864245962657,19.509398806277297,False,True
10370,1.8082958059646532,False,full,3,10.621824275118446,8.551188539179202,False,False
10382,2.632375736601632,False,none,2,8.92835165833843,6.418854852730554,False,False
10382,2.632375736601632,False,full,5,1.6795951273732896,13.590066818192343,False,True
10371,0.8241611863641334,True,none,5,2.6594314847461247,11.581977501651778,False,True
10371,0.8241611863641334,True,full,5,1.931436466112289,14.585936592900184,False,True
10368,4.504602583415846,False,none,5,4.356793134005744,15.28590593109659,False,True
10368,4.504602583415846,False,full,5,5.8961651224769165,14.69101062973948,False,True
10393,0.5563354834644737,True,none,2,154.55507661082828,6.05396572366697,True,False
10393,0.5563354834644737,True,full,2,4.176909429541873,5.589916879778364,False,True
10385,0.07812224824829665,True,none,2,12.885911489728185,6.92290164798638,False,False
10385,0.07812224824829665,True,full,3,1.6904600892379325,9.742843631635516,False,True
10372,1.4684480095977255,False,none,5,8.062752175026521,11.914415675116619,False,True
10372,1.4684480095977255,False,full,5,8.945510773903672,13.443436083940037,False,True
10374,0.788689850129697,True,none,5,20.556847464941914,16.922491445223145,False,True
10374,0.788689850129697,True,full,5,18.32474667163251,16.227419847346084,False,True
10381,0.29229958942653445,True,none,3,7.460901846520008,8.566880944404181,False,True
10381,0.29229958942653445,True,full,5,13.769053695555298,14.11600375991611,False,True
10379,1.2512111508633743,False,none,5,5.357653837064249,16.152467910495368,False,True
10379,1.2512111508633743,False,full,5,5.07032984429081,16.325576319438873,False,True
10377,6.079640581914196,False,none,5,1.973087095673946,14.62848814216343,False,True
10377,6.079640581914196,False,full,5,1.3993056783904176,14.804171133751714,False,True
10403,0.23373619670892246,True,none,2,92.95588962458291,6.416643807289856,True,False
10403,0.23373619670892246,True,full,2,12.093968051032961,4.47151768374849,False,False
10386,2.14554101641915,False,none,5,13.12567863461985,21.388216882198183,False,True
10386,2.14554101641915,False,full,5,9.527496676070646,19.947536420043257,False,True
10390,1.001030459960562,False,none,5,6.0489726428341015,10.707982698082853,False,True
10390,1.001030459960562,False,full,5,12.434776376561251,12.498484917488177,False,True
10383,0.17306125386613758,True,none,5,7.988384311894433,16.229860646657222,False,True
10383,0.17306125386613758,True,full,5,6.661277579176506,16.177828015512308,False,True
10388,1.287961935836252,False,none,5,13.800977839711335,15.663278339678275,False,True
10388,1.287961935836252,False,full,5,12.77577975879272,15.077349842433614,False,True
10400,1.3386331393943878,False,none,3,7.32753560900314,9.421227183871103,False,False
10400,1.3386331393943878,False,full,2,2.2687645788504733,3.853258299463859,False,True
10389,3.2152727859667314,False,none,5,4.346938955123744,15.420144217255991,False,True
10389,3.2152727859667314,False,full,5,4.533114043746396,13.82566671620827,False,True
10399,2.555824689894732,False,none,3,2.3395261048759357,8.12255420406518,False,True
10399,2.555824689894732,False,full,2,11.98495766240051,5.292119756482559,False,False
10387,0.7365143805954952,True,none,5,2.0867359634596654,14.059533253083066,False,True
10387,0.7365143805954952,True,full,5,3.0344579796484714,14.79345105787319,False,True
10404,1.5523842187309038,False,none,2,44.6975116158209,6.765979456443837,True,False
10404,1.5523842187309038,False,full,2,6.8613536809393425,6.488661424518083,False,False
10392,0.6692999952128843,True,none,5,3.981971979659004,15.099659826022537,False,True
10392,0.6692999952128843,True,full,5,2.530019628173641,16.53890391569146,False,True
10394,0.7271406536185022,True,none,5,2.751507837815941,14.124282307188471,False,True
10394,0.7271406536185022,True,full,5,3.8315629516247802,13.235703353356223,False,True
10391,0.5892206436384394,True,none,5,18.330176727961938,19.956013785238138,False,True
10391,0.5892206436384394,True,full,5,19.47914830565026,19.738490649474862,False,True
10409,1.5321002384385678,False,none,2,101.97857977846245,6.409116197723923,True,False
10409,1.5321002384385678,False,full,4,13.305349150403218,8.061105416179897,False,False
10398,1.7498555553554793,False,none,3,15.143849519075664,9.605990495456593,False,False
10398,1.7498555553554793,False,full,5,7.111302067415563,10.917836008632127,False,True
10402,0.9140618576317158,False,none,4,10.831790143587002,7.978907492767878,False,False
10402,0.9140618576317158,False,full,5,2.7516158291066457,10.128293963704701,False,True
10395,1.7054332310204037,False,none,5,2.967576119905067,12.588865218229694,False,True
10395,1.7054332310204037,False,full,5,2.7709526932342996,13.406643154092851,False,True
10396,1.3741795363735403,False,none,5,8.574799727049312,22.431345836408195,False,True
10396,1.3741795363735403,False,full,5,8.235230047435945,20.24457111758323,False,True
10416,0.2817668395675337,True,none,2,35.556170488878536,6.305030503888638,True,False
10416,0.2817668395675337,True,full,2,2.8339301161155404,6.242229577929789,False,True
10397,1.6283048010670795,False,none,5,7.89242264363188,20.20760665237052,False,True
10397,1.6283048010670795,False,full,5,9.846963836618594,17.303478830386293,False,True
10401,5.5378646122003525,False,none,5,12.538267480505013,15.849823194605303,False,True
10401,5.5378646122003525,False,full,5,13.528716288537225,14.876916646498268,False,True
10405,0.8581628172516524,True,none,5,7.7362636833969995,14.231784195369807,False,True
10405,0.8581628172516524,True,full,5,6.05461224984954,14.659491857631872,False,True
10406,3.528049960628111,False,none,5,6.277607020188034,13.283082883441597,False,True
10406,3.528049960628111,False,full,4,5.70269567616526,8.084326516001976,False,True
10412,0.3497368838369965,True,none,5,8.60322595354971,11.596537907005981,False,True
10412,0.3497368838369965,True,full,2,8.858148726949079,8.446064050614849,False,False
10407,1.1088567437274313,False,none,5,8.262777185959267,16.390556679873576,False,True
10407,1.1088567437274313,False,full,5,9.262242658374452,15.535924577070613,False,True
10410,0.7226974913442464,True,none,3,7.723971948770074,9.527730334168206,False,True
10410,0.7226974913442464,True,full,5,7.996265458109806,11.796955869239104,False,True
10408,0.5592876669244011,True,none,5,8.69894712891185,18.21492179384657,False,True
10408,0.5592876669244011,True,full,5,3.1755565038166034,13.718068473215151,False,True
10425,0.6018351096156712,True,none,2,17.660655548965835,6.375529764066277,False,False
10425,0.6018351096156712,True,full,2,9.194950926071249,6.863218942416958,False,False
10411,2.4584083886480346,False,none,5,6.617137906443131,15.275990618656198,False,True
10411,2.4584083886480346,False,full,5,6.375678340081107,16.450856283886527,False,True
10414,0.9686183709874218,False,none,5,22.176761765825603,31.877653079322986,False,False
10414,0.9686183709874218,False,full,5,21.60119943095181,16.33056184149703,False,False
10413,1.3629647787419457,False,none,5,6.273335029561681,17.92074671883802,False,True
10413,1.3629647787419457,False,full,5,8.158279580999976,18.486106805633025,False,True
10415,3.757712689608946,False,none,5,9.934226161071011,11.276607335699143,False,True
10415,3.757712689608946,False,full,5,7.092386521101543,10.423472342972907,False,True
10418,0.5529471749202176,True,none,5,6.022685858572318,12.508380110027128,False,True
10418,0.5529471749202176,True,full,4,9.458597032060164,7.226975500163027,False,False
10434,0.7954615587205104,True,none,3,40.573871901057636,5.265229379062336,True,False
10434,0.7954615587205104,True,full,4,1.6211606201629736,6.132103750184567,False,True
10417,2.338855885707917,False,none,5,9.932145463315706,13.491768178894397,False,False
10417,2.338855885707917,False,full,5,9.803443589448994,12.055057037370169,False,False
10420,1.709557453024771,False,none,5,6.515991123598256,14.49857143000387,False,True
10420,1.709557453024771,False,full,5,7.1629723279533355,16.013802150778925,False,True
10419,0.30130564261215803,True,none,5,20.801475904263064,27.22214457710632,False,True
10419,0.30130564261215803,True,full,5,23.017702303686388,26.10461033370466,False,True
10426,0.9248799612274973,False,none,2,14.762121448432671,6.293284466673816,False,False
10426,0.9248799612274973,False,full,5,10.986848822236118,11.17753820296123,False,False
10439,0.5377007182073653,True,none,2,24.560521038915407,7.057289418319482,True,False
10439,0.5377007182073653,True,full,2,25.81508228247755,3.9434081846007545,True,False
10421,0.45709486954202755,True,none,5,13.401022174045789,25.84274958871595,False,True
10421,0.45709486954202755,True,full,5,12.05624914742783,26.81183379479812,False,True
10436,0.2177614544935403,True,none,2,89.51555679088355,6.5519162393096035,True,False
10436,0.2177614544935403,True,full,5,4.638101144685547,12.442695985598347,False,True
10422,2.3068684662211645,False,none,5,8.882649590407983,21.783781800015085,False,True
10422,2.3068684662211645,False,full,5,8.540845429037672,20.736033583240673,False,True
10429,0.2484513190776723,True,none,5,1.6250663153398952,11.077818078074626,False,True
10429,0.2484513190776723,True,full,5,7.312648890390057,10.632032128263875,False,True
10423,1.4981445803512883,False,none,5,12.072166652864123,20.078332152445462,False,True
10423,1.4981445803512883,False,full,5,10.63583067265708,21.625916067851943,False,True
10424,1.7221264139182253,False,none,5,25.933249127033054,35.87720676970354,False,True
10424,1.7221264139182253,False,full,5,26.53081557857003,33.00735473332268,False,True
10427,0.8434704935877625,True,none,5,3.3866050763783444,12.06773899350611,False,True
10427,0.8434704935877625,True,full,5,2.472657746177051,13.027514190901712,False,True
10428,1.7230597605430984,False,none,5,13.519902904823356,19.38992628299204,False,True
10428,1.7230597605430984,False,full,5,14.61262306701147,18.449084570851884,False,True
10430,7.64337357736454,False,none,5,6.036964551512514,14.385225592752217,False,True
10430,7.64337357736454,False,full,5,6.1292064309527,12.978587861021182,False,True
10431,0.48170662206826736,True,none,5,3.503465627303813,12.279558426373336,False,True
10431,0.48170662206826736,True,full,5,3.7818303853226496,10.96634945431253,False,True
10432,0.6526076747280796,True,none,5,3.0625500492768505,13.186771677746357,False,True
10432,0.6526076747280796,True,full,5,3.285366030405796,13.994656959469461,False,True
10448,0.810623582460118,True,none,2,230.86991958950054,6.195011586651625,True,False
10448,0.810623582460118,True,full,2,5.1881468303729275,6.944646998085615,False,True
10446,2.4849044640718203,False,none,2,81.47543029365339,6.4050748757971165,True,False
10446,2.4849044640718203,False,full,3,12.853020331264823,6.3514874551939275,False,False
10433,2.2446190614681467,False,none,5,12.10495636635322,16.487168648591595,False,True
10433,2.2446190614681467,False,full,5,19.09731596670196,14.085596697140039,False,False
10443,1.3346291761828721,False,none,3,9.153343851877779,7.727860933707566,False,False
10443,1.3346291761828721,False,full,5,14.621211284695343,15.062366858686923,False,True
10444,1.608727706983816,False,none,5,2.1832259241326444,10.299619703398383,False,True
10444,1.608727706983816,False,full,2,3.8076421550788444,8.367321401684615,False,True
10453,1.295720780153734,False,none,2,160.06195598759095,6.15738001508553,True,False
10453,1.295720780153734,False,full,3,4.665574706392667,8.333494699112336,False,True
10435,0.614919739925021,True,none,5,6.706287089518012,15.75338049193066,False,True
10435,0.614919739925021,True,full,5,5.409736327350365,14.173229305628322,False,True
10437,1.5094476458599198,False,none,5,3.0263767712922034,15.191023028772614,False,True
10437,1.5094476458599198,False,full,5,3.001360664443404,22.26918984135215,False,True
10447,0.4294802558989459,True,none,5,4.4297747356800246,11.07432899048252,False,True
10447,0.4294802558989459,True,full,2,4.372081957706,9.01972312040831,False,True
10438,2.092103374538994,False,none,5,23.739302616406658,31.728362421600306,False,True
10438,2.092103374538994,False,full,5,23.35884031823664,30.084769070839407,False,True
10440,0.17068293925078354,True,none,5,5.110807117694884,12.791633505223551,False,True
10440,0.17068293925078354,True,full,5,4.048021425712562,12.648295601399031,False,True
10452,0.8720136655947872,False,none,5,9.845626222727002,10.765607214082888,False,True
10452,0.8720136655947872,False,full,3,10.178754766244246,8.339064758586698,False,False
10441,0.8694348909166675,True,none,5,5.674271919398406,19.716531159390247,False,True
10441,0.8694348909166675,True,full,5,4.979016706771747,16.702579562230895,False,True
10442,1.2993180683480194,False,none,5,26.46901611436983,20.667758805570923,False,False
10442,1.2993180683480194,False,full,5,26.555753653685002,18.268234815383167,False,False
10445,5.4905529647112505,False,none,5,11.092730817164965,12.234970186685207,False,True
10445,5.4905529647112505,False,full,5,13.514032233149587,12.905204304643371,False,False
10454,0.27744115549156156,True,none,5,7.3911021420426515,11.780560695332706,False,True
10454,0.27744115549156156,True,full,3,5.88539372954854,8.701021406618102,False,True
10450,1.8751281214000548,False,none,4,7.134755911224048,9.314641694049701,False,True
10450,1.8751281214000548,False,full,5,5.324109488770149,11.975919105511213,False,True
10467,0.7313211942527692,True,none,2,34.44049241524961,6.751133006813943,True,False
10467,0.7313211942527692,True,full,2,13.934589059599121,6.526397045088144,False,False
10449,1.8954793943199608,False,none,5,11.545213998257504,14.55288655631859,False,True
10449,1.8954793943199608,False,full,5,10.641636357627931,16.414671732515526,False,True
10459,3.024228079406302,False,none,2,13.8805658306948,6.532318610808975,False,False
10459,3.024228079406302,False,full,5,5.225252806606459,11.588794557625501,False,True
10451,1.071664874961729,False,none,5,25.437375915971224,11.81768333026797,False,False
10451,1.071664874961729,False,full,5,14.15313293986489,13.953082741589343,False,True
10465,0.9413068400553083,False,none,3,7.086597170985789,6.484272150841046,False,False
10465,0.9413068400553083,False,full,3,4.670681553237549,7.771259910571403,False,True
10469,0.24240791696559688,True,none,2,147.84564035288395,6.597154556792351,True,False
10469,0.24240791696559688,True,full,5,9.132283136813394,11.576230113682781,False,True
10455,2.563592519692235,False,none,5,25.352882670027206,27.887032143089993,False,True
10455,2.563592519692235,False,full,5,27.863583267699696,26.051420045538514,False,True
10456,0.6527140806288593,True,none,5,5.244779113278278,12.427242488221207,False,True
10456,0.6527140806288593,True,full,5,5.8956488047104765,11.635473085580815,False,True
10457,0.03280663443598493,True,none,5,9.355377694437053,12.710383721904886,False,True
10457,0.03280663443598493,True,full,5,7.672357900887788,13.495429648162999,False,True
10458,3.67904515248295,False,none,5,45.45164491188452,39.661226989719665,False,False
10458,3.67904515248295,False,full,5,45.94212652030601,37.46345391495777,False,False
10470,1.0081612111801777,False,none,2,19.775201457125927,6.458921594536933,False,False
10470,1.0081612111801777,False,full,5,1.380209628920209,12.098332845485926,False,True
10460,0.15248581094685085,True,none,5,4.61743499508366,20.84966588415139,False,True
10460,0.15248581094685085,True,full,5,4.636863852780747,20.391354499474794,False,True
10461,0.6213544490458679,True,none,5,11.976100018534257,16.275881749693447,False,True
10461,0.6213544490458679,True,full,5,16.029268617678824,16.169092384586392,False,True
10462,0.524169878028747,True,none,5,4.7018641321486045,14.563560283710196,False,True
10462,0.524169878028747,True,full,5,5.230905641374166,16.74073762376299,False,True
10463,2.860233750537027,False,none,5,8.919740392201104,11.940381966746065,False,True
10463,2.860233750537027,False,full,5,8.9616928424947,11.9334401130481,False,True
10464,0.37513127189951156,True,none,5,11.428090628235598,21.47438286999396,False,True
10464,0.37513127189951156,True,full,5,12.561245077750481,21.164410974485357,False,True
10482,1.0906817004890736,False,none,3,4.733956998831805,8.811021918229077,False,True
10482,1.0906817004890736,False,full,2,5.895274231546399,6.450871701564577,False,False
10466,0.572996051794368,True,none,5,4.921668668400741,11.012485260972912,False,True
10466,0.572996051794368,True,full,5,5.370785166992262,11.49231771398335,False,True
10468,0.840981982211787,True,none,5,10.762900380027725,15.875769274053736,False,True
10468,0.840981982211787,True,full,5,6.875124958973615,13.61904282187292,False,True
10478,0.8181342259098898,True,none,4,3.103419624743125,9.900404513769958,False,True
10478,0.8181342259098898,True,full,2,4.576131196328029,5.568267655018249,False,True
10475,0.5202503360580344,True,none,5,3.1942068906560173,14.819496975753529,False,True
10475,0.5202503360580344,True,full,3,1.7153996722425464,4.604070215247045,False,True
10471,5.10081676570564,False,none,5,19.621181651254034,17.78377391983796,False,False
10471,5.10081676570564,False,full,5,17.624969570931345,16.157672774287057,False,False
10484,4.029181770428243,False,none,2,46.73427051796346,6.348728249917531,True,False
10484,4.029181770428243,False,full,2,9.12700794858638,6.8564657800714945,False,False
10487,0.2841880706712416,True,none,2,23.803259487734277,6.294462014728899,True,False
10487,0.2841880706712416,True,full,3,1.7935167266635592,8.811696363069197,False,True
10472,2.1303862959582474,False,none,5,9.882752923177078,15.590568665927533,False,True
10472,2.1303862959582474,False,full,5,7.900911544258031,14.49824179782713,False,True
10473,1.564744320736903,False,none,5,10.624834502813506,17.370967647313115,False,True
10473,1.564744320736903,False,full,5,4.961292015743239,16.319641203661348,False,True
10474,1.670224101255499,False,none,5,9.442588812478881,25.13648351805816,False,True
10474,1.670224101255499,False,full,5,9.560215920570972,23.628941452750695,False,True
10486,1.1212564132606815,False,none,4,13.592507380745301,8.170623484463635,False,False
10486,1.1212564132606815,False,full,3,5.103993594027677,9.926633599732046,False,True
10495,0.16184581909041812,True,none,3,2.792187340673778,9.792083773770235,False,True
10495,0.16184581909041812,True,full,2,9.066007132407853,6.659774026033268,False,False
10476,1.5735839011974537,False,none,5,24.127117496886363,21.781534284190485,False,True
10476,1.5735839011974537,False,full,5,26.800804848551433,19.51906396298763,False,False
10477,1.0391868441026226,False,none,5,7.153857290711502,15.335980600689897,False,True
10477,1.0391868441026226,False,full,5,6.465056959646477,11.916183470746002,False,True
10499,0.599026540306523,True,none,2,97.27862665096798,6.474045292041234,True,False
10499,0.599026540306523,True,full,2,1.326685976037991,8.828700252004229,False,True
10479,0.5436131547531688,True,none,5,11.69292304946063,13.678550968911962,False,True
10479,0.5436131547531688,True,full,5,11.35327966521106,12.867057584423993,False,True
10483,2.5888411610850333,False,none,5,12.734436076482812,15.50926391540219,False,True
10483,2.5888411610850333,False,full,5,18.215230681432654,11.437360186916917,False,False
10480,0.7654221168741185,True,none,5,6.025037674157341,13.007658030799137,False,True
10480,0.7654221168741185,True,full,5,5.834150113724746,14.195234725936416,False,True
10481,0.37870979940845373,True,none,5,5.173730801703056,13.694884411414407,False,True
10481,0.37870979940845373,True,full,5,4.665143028933241,15.204043384143219,False,True
10496,0.3699366286550596,True,none,3,11.52523872650458,7.138938618008141,False,False
10496,0.3699366286550596,True,full,3,2.91519572540184,7.29169871750089,False,True
10502,0.41924835517656306,True,none,3,23.596881472458577,5.2144861503161835,True,False
10502,0.41924835517656306,True,full,2,4.514269370879945,9.00672542223579,False,True
10485,0.7645062332670306,True,none,5,19.62884796136135,15.872184874945905,False,False
10485,0.7645062332670306,True,full,5,16.211674416757333,22.35021413112015,False,True
10501,0.7212381802530077,True,none,2,172.30560429301948,5.618341443961899,True,False
10501,0.7212381802530077,True,full,3,6.8974370884942235,9.863077910049206,False,True
10488,1.0225648073002114,False,none,5,5.075882339191516,13.6703204360824,False,True
10488,1.0225648073002114,False,full,5,8.954611903046208,20.879412952117086,False,True
10489,2.9340397137043093,False,none,5,14.784236108519819,23.177784922919276,False,True
10489,2.9340397137043093,False,full,5,17.532672444898214,25.515729150749287,False,True
10490,2.2338926615125296,False,none,5,14.919596981058184,22.699656816729647,False,True
10490,2.2338926615125296,False,full,5,12.079126017623098,22.036457158160555,False,True
10493,3.0779772828213017,False,none,4,3.013512835870154,9.660068547262252,False,True
10493,3.0779772828213017,False,full,5,10.047682761790291,13.231920777184149,False,True
10491,2.4052453089527472,False,none,5,19.343665647537744,18.30753820616205,False,False
10491,2.4052453089527472,False,full,5,17.57345417809127,20.326164308667465,False,False
10492,2.3055166684683175,False,none,5,7.10180937328575,13.46842425055346,False,True
10492,2.3055166684683175,False,full,5,6.858755727697142,15.46676694792073,False,True
10494,0.1470452957691153,True,none,5,9.114350595306286,18.75547703120506,False,True
10494,0.1470452957691153,True,full,5,8.691755076498598,19.819350908231655,False,True
10506,0.2946940568430434,True,none,3,15.528454513487791,7.848713158790829,False,False
10506,0.2946940568430434,True,full,2,10.915300591484781,5.529853751342393,False,False
10497,1.1041348810820408,False,none,5,12.698404080301612,11.841851009038773,False,True
10497,1.1041348810820408,False,full,5,8.89834745189031,10.670374493357375,False,True
10498,0.43922523678484626,True,none,5,16.45724280689774,20.760469724671573,False,True
10498,0.43922523678484626,True,full,5,14.908985255123442,20.494875874730734,False,True
10500,0.2979874520819374,True,none,5,8.57885422884246,13.76317566763478,False,True
10500,0.2979874520819374,True,full,4,1.3920231143187103,9.954475853496168,False,True
10520,0.32937834222693585,True,none,2,178.3227419198597,6.1146802471847845,True,False
10520,0.32937834222693585,True,full,2,3.368407141719109,7.467435449904004,False,True
10519,0.34138282062621755,True,none,2,83.55265142691677,6.877177247954618,True,False
10519,0.34138282062621755,True,full,2,2.2227582649215916,5.610546769401303,False,True
10512,0.2621548358327014,True,none,5,1.3077387152139313,10.694481056536821,False,True
10512,0.2621548358327014,True,full,2,8.785974490299582,4.680658950809299,False,False
10504,0.5314436752644464,True,none,5,8.16647774674691,12.023104336402522,False,True
10504,0.5314436752644464,True,full,5,10.295169922883552,11.046268492943112,False,True
10503,1.4001495835639566,False,none,5,13.74155704163425,14.414114670372948,False,False
10503,1.4001495835639566,False,full,5,9.049427114304697,15.857099306956016,False,True
10505,3.3541032589591024,False,none,5,5.60472436414991,13.900081104280689,False,True
10505,3.3541032589591024,False,full,5,6.3679550111506416,13.863815865578935,False,True
10524,0.17352703563145527,True,none,3,2.1471946679073177,9.784799327767818,False,True
10524,0.17352703563145527,True,full,2,2.4749062041351912,8.578088946729686,False,True
10508,1.2830508490665964,False,none,5,10.933411274975606,14.859699229019899,False,True
10508,1.2830508490665964,False,full,5,8.642182692327625,14.102640101299778,False,True
10523,0.33259199886154933,True,none,2,29.012960491390018,7.588044988585095,True,False
10523,0.33259199886154933,True,full,2,18.213026370916392,6.9933751817653675,False,False
10507,1.0256579528047254,False,none,5,9.615494147059685,17.018905604295743,False,True
10507,1.0256579528047254,False,full,5,9.853704380135516,16.50575888819565,False,True
10509,4.72526032339992,False,none,5,8.03890205687838,15.881740728096704,False,True
10509,4.72526032339992,False,full,5,7.0746967712626425,17.555468179859396,False,True
10510,2.3656708518009575,False,none,5,4.478668127103417,28.401149298192852,False,True
10510,2.3656708518009575,False,full,5,3.793606326575989,27.508066465696274,False,True
10511,1.9518831871202358,False,none,5,7.904783012771956,18.831364046949712,False,True
10511,1.9518831871202358,False,full,5,8.987603659011965,19.146977866888943,False,True
10513,0.7588550594777389,True,none,5,3.4116441644175115,14.946767170138678,False,True
10513,0.7588550594777389,True,full,5,4.187946194157318,14.425833262387222,False,True
10514,5.611646657041841,False,none,5,35.29388613983124,33.55182701199089,False,True
10514,5.611646657041841,False,full,5,31.66572639043016,30.28195581001144,False,False
10522,0.4554127381113341,True,none,5,2.7539841006204813,11.769494031243125,False,True
10522,0.4554127381113341,True,full,3,8.354371213000654,7.177802638197188,False,False
10529,0.2309664552972414,True,none,2,155.80873121954394,6.390886325923765,True,False
10529,0.2309664552972414,True,full,3,1.523457161835132,9.938691626551442,False,True
10515,3.414165624593828,False,none,5,11.854817869609196,14.563085096106235,False,True
10515,3.414165624593828,False,full,5,14.134427017714945,13.582073627074973,False,True
10516,0.4546681358944151,True,none,5,1.7796684417635034,12.844963755526354,False,True
10516,0.4546681358944151,True,full,5,3.6682595021577313,13.488450444765562,False,True
10517,0.8020518371043324,True,none,5,4.780974363262774,11.15037437661465,False,True
10517,0.8020518371043324,True,full,5,4.972991161729909,12.770996949873187,False,True
10525,5.228617124942155,False,none,5,7.096129874238417,16.16072710677164,False,True
10525,5.228617124942155,False,full,2,20.91683982056044,6.3401420566016125,True,False
10518,2.0177605264158567,False,none,5,11.502805302256865,39.79600120544001,False,True
10518,2.0177605264158567,False,full,5,11.423604432907343,35.139700956703535,False,True
10533,0.9451019091152048,False,none,3,76.40099940346121,7.013793994920911,True,False
10533,0.9451019091152048,False,full,3,6.597800775534154,7.059654683997004,False,True
10521,1.081271266483169,False,none,5,11.791945304157084,16.487203386766122,False,True
10521,1.081271266483169,False,full,5,11.492768288512812,18.8765517143243,False,True
10527,0.6458645773392956,True,none,5,5.693082664399109,11.690977081489729,False,True
10527,0.6458645773392956,True,full,4,2.52113909483201,8.960023100708366,False,True
10536,1.747224737097332,False,none,2,121.83582660048931,5.9880282936907605,True,False
10536,1.747224737097332,False,full,4,2.8541100469170853,8.97465161428283,False,True
10526,0.8401653418573012,True,none,5,11.770873852743943,20.891922004582817,False,True
10526,0.8401653418573012,True,full,5,14.069526634971258,19.31140293227467,False,True
10538,0.23396860817706022,True,none,5,33.03262039351948,10.623183172468073,False,False
10538,0.23396860817706022,True,full,2,9.422294939014623,6.444182084899856,False,False
10528,0.9184793040448491,False,none,5,15.694971057192188,16.697031857256857,False,True
10528,0.9184793040448491,False,full,5,15.932219492465695,17.607885341136917,False,True
10544,0.5439391346675639,True,none,2,144.80624806600034,6.277215665252383,True,False
10544,0.5439391346675639,True,full,4,7.799550156197544,9.973208861197024,False,True
10548,0.2136756368510568,True,none,3,1.4520869507386989,7.539739302309206,False,True
10548,0.2136756368510568,True,full,2,5.702740407212684,7.624188839463958,False,True
10530,3.8773881785285687,False,none,5,8.01918162383621,11.22797988836758,False,True
10530,3.8773881785285687,False,full,5,15.749936326741695,17.223981289790167,False,True
10531,1.9503516862014423,False,none,5,5.9522471907504535,14.02020296248007,False,True
10531,1.9503516862014423,False,full,5,5.822553010283218,16.84202011695793,False,True
10532,1.8595330308868783,False,none,5,25.42694824018723,14.213754700042609,False,False
10532,1.8595330308868783,False,full,5,30.13527074018567,11.273110268574863,False,False
10534,1.8090006917572323,False,none,5,33.050972772973786,25.188686000788206,False,True
10534,1.8090006917572323,False,full,5,31.803954150096978,23.516468398425424,False,False
10549,1.0406892974507895,False,none,5,7.581977035974006,17.348221508879973,False,True
10549,1.0406892974507895,False,full,3,4.7988103257840224,7.550284564184049,False,True
10535,0.37033134280530317,True,none,5,16.310661846819166,18.013396871615342,False,True
10535,0.37033134280530317,True,full,5,17.073870543060938,16.828344120605138,False,True
10550,1.9262555574812914,False,none,3,23.36706789474114,9.226104123393958,True,False
10550,1.9262555574812914,False,full,4,7.456488485261865,9.702149676660241,False,True
10537,0.7989031054696568,True,none,5,4.222059137539174,15.524069744189246,False,True
10537,0.7989031054696568,True,full,5,8.022385294106629,14.467016627546963,False,True
10539,0.272046582431543,True,none,5,8.76439700352025,20.129632891842775,False,True
10539,0.272046582431543,True,full,5,7.313830387735028,18.746956455602398,False,True
10560,0.27957464860708914,True,none,2,95.09889355237263,6.247218391275434,True,False
10560,0.27957464860708914,True,full,2,4.348378357422907,5.076702216045933,False,True
10540,4.314142699288648,False,none,5,17.045802635223527,29.342405003047663,False,True
10540,4.314142699288648,False,full,5,18.208166458381935,28.283815074777642,False,True
10541,0.8311696824567038,True,none,5,12.277150305517536,20.02574157203369,False,True
10541,0.8311696824567038,True,full,5,13.696551409823769,17.688974137654114,False,True
10542,2.9190069241027117,False,none,5,8.867755598276084,14.378010961135196,False,True
10542,2.9190069241027117,False,full,5,9.503895467433052,17.1020193759116,False,True
10546,0.15236740829001688,True,none,5,3.7077622983503753,12.234944735763744,False,True
10546,0.15236740829001688,True,full,5,2.293711499507747,11.729204055983027,False,True
10543,1.2401516148037623,False,none,5,6.269558513764683,15.92517215710198,False,True
10543,1.2401516148037623,False,full,5,4.355568901880157,14.008178475042305,False,True
10545,1.108411345225352,False,none,5,8.8320448011356,11.137336020808789,False,True
10545,1.108411345225352,False,full,5,10.457658618509853,13.880822498887428,False,True
10547,1.0243145871289558,False,none,5,28.541260455213596,28.50409575349255,False,False
10547,1.0243145871289558,False,full,5,27.57190894743873,27.771724744732175,False,False
10566,0.11078902901181607,True,none,2,158.89177166181392,6.107904238246724,True,False
10566,0.11078902901181607,True,full,2,2.2002384754867275,6.338212302686624,False,True
10551,0.6904379115013974,True,none,5,9.541962348370578,13.004611854704216,False,True
10551,0.6904379115013974,True,full,5,10.365626828803352,13.17090602979537,False,True
10552,0.4669812810452084,True,none,5,5.9859647788092065,10.783771292882987,False,True
10552,0.4669812810452084,True,full,5,5.834149824057024,10.495788305823098,False,True
10558,0.786466297138147,True,none,5,2.322213146204051,10.647835397769219,False,True
10558,0.786466297138147,True,full,2,4.613967473757703,9.821624501703763,False,True
10553,5.136916444497933,False,none,5,8.829375112031608,20.899621838907894,False,True
10553,5.136916444497933,False,full,5,9.32008632863215,18.27063798091908,False,True
10562,2.0127733579114224,False,none,3,12.845173222959517,8.18837297389012,False,False
10562,2.0127733579114224,False,full,5,2.9779923317611092,12.144646447551333,False,True
10554,1.9125591237338626,False,none,5,14.299249381068748,13.577871630971922,False,True
10554,1.9125591237338626,False,full,5,13.207290952257926,12.75351045777584,False,True
10555,0.4089302345427825,True,none,5,6.680987266228967,9.955983855717673,False,True
10555,0.4089302345427825,True,full,5,5.742544818670666,10.84363047073341,False,True
10563,0.7398767602873498,True,none,5,8.731788317148194,13.398934982726988,False,True
10563,0.7398767602873498,True,full,3,5.424223763523565,9.050992886618458,False,True
10556,5.787344134671505,False,none,5,8.663126603915105,14.354283393927556,False,True
10556,5.787344134671505,False,full,5,8.147755718658214,14.129165930958774,False,True
10557,0.362638242193224,True,none,5,7.945013771911751,14.638824122668852,False,True
10557,0.362638242193224,True,full,5,7.628667789348498,8.84903875818078,False,True
10574,0.1833427045674641,True,none,3,16.93456470250361,7.747639515881051,False,False
10574,0.1833427045674641,True,full,3,7.978780043076618,7.4461560840143886,False,True
10561,0.4311065622332115,True,none,5,4.870186447023532,11.625688087075485,False,True
10561,0.4311065622332115,True,full,3,5.004222402504672,9.94542770352883,False,True
10559,3.8769240187622303,False,none,5,10.274782427997454,13.415332259296285,False,True
10559,3.8769240187622303,False,full,5,13.42767746195398,12.114749674996666,False,False
10564,2.4520935243750484,False,none,5,7.401644134287645,12.580693029349941,False,True
10564,2.4520935243750484,False,full,3,7.1681047673434355,7.815608923850559,False,True
10573,0.51525703108349,True,none,3,8.021653644980281,7.60532282705869,False,False
10573,0.51525703108349,True,full,4,2.0315712578327436,6.581519777595479,False,True
10576,0.9286664543730394,False,none,3,9.877983022969465,9.61866429864442,False,False
10576,0.9286664543730394,False,full,2,6.629028118440922,7.017114177511478,False,True
10565,0.7993543490294944,True,none,5,3.2550590115046707,11.5591784615579,False,True
10565,0.7993543490294944,True,full,5,3.4897960559892955,11.042817974804384,False,True
10567,2.147941652777784,False,none,5,9.204732516409505,22.758636817348506,False,True
10567,2.147941652777784,False,full,5,9.54024602460074,21.025837837575136,False,True
10590,0.4613939237274411,True,none,2,157.98411328579468,5.27812851126329,True,False
10590,0.4613939237274411,True,full,2,4.123236324271684,7.563004777134998,False,True
10584,0.5847359161311433,True,none,2,94.53050467612735,6.3191399831401105,True,False
10584,0.5847359161311433,True,full,2,6.457061686394065,8.979129269171674,False,True
10575,1.036485437070615,False,none,5,4.482440620718959,11.725068341535051,False,True
10575,1.036485437070615,False,full,3,3.5670459381124004,9.906459705655827,False,True
10569,0.2960218031662048,True,none,5,13.837078956467288,23.0498684760247,False,True
10569,0.2960218031662048,True,full,5,14.502038070619696,22.831555758674945,False,True
10568,0.744577582389349,True,none,5,5.9402708941573845,14.752126218557397,False,True
10568,0.744577582389349,True,full,5,7.741589899461567,15.113632727217347,False,True
10570,6.110351892332859,False,none,5,28.675405698155057,18.041401300453927,False,False
10570,6.110351892332859,False,full,5,27.86074910512147,17.628445194998275,False,False
10571,1.5118896395179646,False,none,5,20.865323237086393,22.20830154473022,False,True
10571,1.5118896395179646,False,full,5,19.52125102765701,23.752524412269835,False,True
10572,0.5552521419262497,True,none,5,3.1224923947434395,11.989595620832263,False,True
10572,0.5552521419262497,True,full,5,2.4509787299564874,11.310344735235725,False,True
10577,0.5123484402524584,True,none,5,24.72354826233548,21.717924895113434,False,False
10577,0.5123484402524584,True,full,5,23.928556079796497,20.777968490479175,False,False
10579,3.113840864574306,False,none,5,9.40527987743447,11.850318083622517,False,True
10579,3.113840864574306,False,full,5,3.5921536966358167,11.333547099714794,False,True
10578,1.0391367202391526,False,none,5,16.260617461481907,33.28600011000554,False,True
10578,1.0391367202391526,False,full,5,11.581433465474825,27.36596170764331,False,True
10583,0.29310182905780474,True,none,3,25.06409620713738,8.085128820941222,True,False
10583,0.29310182905780474,True,full,5,4.6439669778075725,7.275367672386637,False,True
10588,1.2353168264775374,False,none,2,44.47141390412073,6.55825344704797,True,False
10588,1.2353168264775374,False,full,5,9.936271730430738,12.315909422254796,False,True
10580,1.465288025211432,False,none,5,8.28853995179343,12.513727730248013,False,True
10580,1.465288025211432,False,full,5,4.232793970091254,17.183504053473392,False,True
10581,1.111181556991501,False,none,5,7.217618047628197,11.669832464068245,False,True
10581,1.111181556991501,False,full,5,3.750930271049736,12.26361741031169,False,True
10593,0.7667581999894563,True,none,5,10.23529741328821,28.294119709843695,False,True
10593,0.7667581999894563,True,full,2,2.156785620476208,7.35479827367661,False,True
10585,2.482730365841308,False,none,5,3.6656558455333745,9.936823945318862,False,True
10585,2.482730365841308,False,full,3,3.3268210187968332,8.093575381285966,False,True
10582,0.9629675741175997,False,none,5,19.713854019894004,30.13445107605327,False,True
10582,0.9629675741175997,False,full,5,19.32208003972662,27.90273536720959,False,True
10586,1.835681029809632,False,none,5,8.932627193237106,22.228592506593785,False,True
10586,1.835681029809632,False,full,5,11.717064022074918,19.742971933314504,False,True
10587,2.9423970801918427,False,none,5,5.813422596876201,15.223423752643715,False,True
10587,2.9423970801918427,False,full,5,6.592518333471584,13.705653126900529,False,True
10602,1.2873566856389573,False,none,2,87.25444221801644,7.046173800060401,True,False
10602,1.2873566856389573,False,full,5,5.093458500737112,14.744693371855373,False,True
10589,0.6175124340605768,True,none,5,10.1661828455463,18.522222523444,False,True
10589,0.6175124340605768,True,full,5,9.218541010756281,18.492767926234045,False,True
10607,0.29428946967663333,True,none,2,110.7322387880378,5.200066015320451,True,False
10607,0.29428946967663333,True,full,3,4.981769452179904,6.29013742389366,False,True
10608,0.10288712476454062,True,none,2,19.468931508792803,6.456273724811073,False,False
10608,0.10288712476454062,True,full,2,2.8102198990779104,8.961506797145422,False,True
10609,0.3363680898184575,True,none,2,127.87973787885466,6.543476335428945,True,False
10609,0.3363680898184575,True,full,2,2.1674128604029907,6.110718734819586,False,True
10591,0.5162226479145946,True,none,5,4.286062765478881,14.127541920360388,False,True
10591,0.5162226479145946,True,full,5,3.2432270773414986,14.61247467484096,False,True
10595,0.38475992143895016,True,none,3,28.8825074080276,7.268552716646084,True,False
10595,0.38475992143895016,True,full,5,6.275514184320415,10.652638797789775,False,True
10592,0.5737559443517093,True,none,5,6.318858976991303,13.8796438240606,False,True
10592,0.5737559443517093,True,full,5,6.6734192150504805,14.408700830959708,False,True
10605,0.5026419473251497,True,none,2,30.475805303747975,6.45994780598419,True,False
10605,0.5026419473251497,True,full,3,7.504763361655819,9.868921010543223,False,True
10594,1.4183976262096005,False,none,5,4.677688724643823,15.565525028412324,False,True
10594,1.4183976262096005,False,full,5,5.267479534355867,14.999328309098448,False,True
10596,1.542303311100072,False,none,5,3.711814801714774,11.80757514234534,False,True
10596,1.542303311100072,False,full,5,3.0130123905525545,13.484961604644973,False,True
10603,4.112725485806195,False,none,5,14.798130516583832,10.934289017218797,False,False
10603,4.112725485806195,False,full,5,6.597378628876073,16.420235600796996,False,True
10597,3.4342864020881505,False,none,5,12.498728966844439,14.40210965388342,False,True
10597,3.4342864020881505,False,full,5,12.32287107984829,14.162309190370383,False,True
10598,1.9931068677927972,False,none,5,4.657551245140316,11.621284939723283,False,True
10598,1.9931068677927972,False,full,5,4.864972270438787,12.519545138408368,False,True
10610,0.8475594543509264,True,none,4,3.425414475317544,9.96497802301107,False,True
10610,0.8475594543509264,True,full,3,2.528197633188033,9.396565873480794,False,True
10606,0.5486246615611905,True,none,5,3.716245657398532,12.420710276884293,False,True
10606,0.5486246615611905,True,full,2,12.580279944802802,6.883734118050735,False,False
10599,0.7305914867991722,True,none,5,3.831495820257682,12.377743052498955,False,True
10599,0.7305914867991722,True,full,5,8.844286405892705,12.613287547910549,False,True
10600,3.2553201647552448,False,none,5,3.748423251192992,15.144143958996352,False,True
10600,3.2553201647552448,False,full,5,3.8766528087184597,14.404769436412863,False,True
10601,0.6805859882448277,True,none,5,1.7337530077213956,14.63701358159384,False,True
10601,0.6805859882448277,True,full,5,4.395452693032753,13.276800113681812,False,True
10604,1.986046819096862,False,none,5,8.487245762137404,12.853673555319476,False,True
10604,1.986046819096862,False,full,5,8.531949704058245,12.68379744972205,False,True
10620,0.968747328354018,False,none,4,3.068939037590713,8.589024532269594,False,True
10620,0.968747328354018,False,full,2,6.983583481775732,6.9310480586249215,False,False
10627,0.24885484513935893,True,none,2,163.43859098169366,6.3620028135976385,True,False
10627,0.24885484513935893,True,full,2,1.2668075948716246,7.551114117308034,False,True
10611,0.5998920490129365,True,none,5,19.465506192818346,25.730421721810355,False,True
10611,0.5998920490129365,True,full,5,21.118492732094715,25.418271545332548,False,True
10612,1.5715804621830078,False,none,5,7.068424558490319,12.11742306278577,False,True
10612,1.5715804621830078,False,full,5,10.482054741669298,14.216717392097069,False,True
10622,0.154760687427634,True,none,5,1.1672787638731255,10.935734998811593,False,True
10622,0.154760687427634,True,full,3,6.3641586173860825,5.965797610275734,False,True
10616,0.4589535240628399,True,none,5,11.931863195142904,17.622317426734995,False,True
10616,0.4589535240628399,True,full,2,3.3524006291253947,6.730650371884741,False,True
10613,3.9693333605961425,False,none,5,22.578650693535494,15.708983040924537,False,False
10613,3.9693333605961425,False,full,5,26.746651495589237,18.148793243460325,False,False
10614,2.2191811444739393,False,none,5,21.19784747982957,24.435841110775506,False,False
10614,2.2191811444739393,False,full,5,22.50778354338082,23.320163373558866,False,False
10623,0.9954207588851876,False,none,5,3.857792752580732,13.458085084639512,False,True
10623,0.9954207588851876,False,full,5,4.9059078908192255,12.484734381290473,False,True
10633,0.43799279110274053,True,none,3,4.966697868589913,7.827630214769798,False,True
10633,0.43799279110274053,True,full,2,5.124570699340365,7.378512991445624,False,True
10615,4.18018314751914,False,none,5,27.98433717056232,16.141011105568943,False,False
10615,4.18018314751914,False,full,5,26.88002051823243,13.390298540191697,False,False
10617,6.068775830041768,False,none,5,11.07600067698678,14.638533782404366,False,True
10617,6.068775830041768,False,full,5,10.722968335014027,15.888028214171696,False,True
10618,3.7238730639205415,False,none,5,12.100629341452896,21.823163062524323,False,True
10618,3.7238730639205415,False,full,5,4.827667517027003,19.09214504568127,False,True
10619,1.3827733423402173,False,none,5,5.740658533215322,19.815798174364456,False,True
10619,1.3827733423402173,False,full,5,6.73372658938014,17.866210739480206,False,True
10621,1.3195716354047318,False,none,5,8.12202197960818,13.858821078230676,False,True
10621,1.3195716354047318,False,full,5,4.875501295645043,12.953700547145178,False,True
10624,1.20124963943149,False,none,5,16.11516353272048,24.334218129672845,False,True
10624,1.20124963943149,False,full,5,15.34240280946622,22.10222758346245,False,True
10628,1.1594317983328886,False,none,5,1.3879381429524984,12.410167069129168,False,True
10628,1.1594317983328886,False,full,3,1.3707922978711722,5.986618908665045,False,True
10630,0.45624652711920344,True,none,5,11.65263388685205,11.247744108379871,False,False
10630,0.45624652711920344,True,full,3,10.555604777040632,5.768127940999991,False,False
10625,3.43142713434602,False,none,5,10.818508145700484,22.549789838465003,False,True
10625,3.43142713434602,False,full,5,9.295957669486091,19.631405227514254,False,True
10626,1.0025342962914778,False,none,5,5.361823390235045,11.342436696638321,False,True
10626,1.0025342962914778,False,full,5,6.315016341515574,12.797577444515825,False,True
10640,0.6692664950342904,True,none,3,27.989251493670356,6.54027631056563,True,False
10640,0.6692664950342904,True,full,3,7.711905928875981,5.3386949855952475,False,False
10629,8.298000347722729,False,none,5,25.99586910488204,21.24128697956557,False,False
10629,8.298000347722729,False,full,5,25.070893484815123,17.64063472875792,False,False
10644,0.5001731187780367,True,none,2,23.58774423279166,6.630200908890873,True,False
10644,0.5001731187780367,True,full,2,12.130417689396367,8.098997508485098,False,False
10637,0.35716427363849096,True,none,5,2.703841829597621,13.904800543614176,False,True
10637,0.35716427363849096,True,full,3,15.955038193878613,8.21422646988037,False,False
10631,0.7277431863239159,True,none,5,7.214794007009184,13.087254361064467,False,True
10631,0.7277431863239159,True,full,5,7.631415748941804,13.688349869335935,False,True
10632,1.3899222064710866,False,none,5,9.504770347592633,13.551469225477968,False,True
10632,1.3899222064710866,False,full,5,12.25106795087114,13.453554097049022,False,True
10634,4.254175397651368,False,none,5,10.342636886237536,17.52451995788425,False,True
10634,4.254175397651368,False,full,5,9.109970328413569,16.033138682464074,False,True
10635,3.991708406618043,False,none,5,2.7260598341430193,13.85263121140856,False,True
10635,3.991708406618043,False,full,5,4.5591460968963595,16.118364142630785,False,True
10636,1.6448040717579164,False,none,5,8.473564429594836,13.432991298043401,False,True
10636,1.6448040717579164,False,full,5,8.67243400381727,15.052367197512304,False,True
10648,1.4551988994761638,False,none,2,151.29265015330384,6.464424033439393,True,False
10648,1.4551988994761638,False,full,5,1.3040563743818006,11.051759471500517,False,True
10638,3.189434403268055,False,none,5,16.853855730333958,14.363387039345424,False,True
10638,3.189434403268055,False,full,5,21.867135533578896,28.679071278170355,False,False
10656,0.8272100808823728,True,none,2,141.25918270878552,5.9407476565299735,True,False
10656,0.8272100808823728,True,full,2,8.108966243078799,4.034909100819642,False,False
10645,3.107755937923429,False,none,2,85.9132065639914,6.3988534302762,True,False
10645,3.107755937923429,False,full,5,9.255384368984881,12.844492694191285,False,True
10654,0.6052125382431324,True,none,2,30.513219361600385,6.523366281526993,True,False
10654,0.6052125382431324,True,full,2,8.281474228479855,9.429056695943023,False,False
10655,0.9514963274177639,False,none,4,125.49127388603826,5.159336019095344,True,False
10655,0.9514963274177639,False,full,2,2.151072254414615,8.386460430665982,False,True
10643,0.6531733418289206,True,none,5,1.905801244661803,13.712221652844242,False,True
10643,0.6531733418289206,True,full,5,1.812216735747946,10.78175564608203,False,True
10649,0.7835040286612046,True,none,4,4.97369899466509,9.514550994232053,False,True
10649,0.7835040286612046,True,full,2,4.225117461752219,6.698449767835773,False,True
10639,1.9136450346602116,False,none,5,18.452159872300665,16.0257062226095,False,False
10639,1.9136450346602116,False,full,5,18.507424064855762,15.264740218212701,False,False
10641,2.1690713201347402,False,none,5,12.903093788528887,24.97198690725566,False,True
10641,2.1690713201347402,False,full,5,14.486976116493473,24.525033938466272,False,True
10642,3.2824947497989947,False,none,5,17.70895761467096,17.849567523243724,False,True
10642,3.2824947497989947,False,full,5,18.80181190642963,17.157335935250465,False,True
10647,1.237976882533738,False,none,5,3.5394138223254132,12.363936435503348,False,True
10647,1.237976882533738,False,full,3,3.826230853727287,6.339593362279833,False,True
10661,1.557056580078463,False,none,2,115.93862896526328,7.885153464344336,True,False
10661,1.557056580078463,False,full,2,14.08759138873989,4.245689814233716,False,False
10646,0.24091049732429862,True,none,5,2.3056590417626683,13.575167374178355,False,True
10646,0.24091049732429862,True,full,5,2.1503015632305393,14.16274921067428,False,True
10650,1.1328215273317126,False,none,5,13.445449411251033,17.4883541937036,False,True
10650,1.1328215273317126,False,full,5,13.894066072900626,22.118500236810053,False,True
10651,0.6721951518184921,True,none,5,5.190424487144486,18.734538841427725,False,True
10651,0.6721951518184921,True,full,5,4.1038624362562794,13.022820411782043,False,True
10652,2.228560530289245,False,none,5,3.577073471245576,14.641719708105995,False,True
10652,2.228560530289245,False,full,5,3.249042075964598,13.404209306922878,False,True
10653,3.8523672965939846,False,none,5,6.316403288508952,14.850051925101754,False,True
10653,3.8523672965939846,False,full,5,7.0334158122673145,14.5505099344101,False,True
10672,1.9973241892876104,False,none,2,8.845881986063619,6.499672179596179,False,False
10672,1.9973241892876104,False,full,2,1.9461084698781557,6.568709255554102,False,True
10657,1.7461286835608472,False,none,5,2.591982240767261,32.106451007601216,False,True
10657,1.7461286835608472,False,full,5,2.9637069781394807,28.347095132203105,False,True
10664,0.19852762747533403,True,none,5,3.7086889047626816,13.051540251661896,False,True
10664,0.19852762747533403,True,full,4,8.383345216635174,9.616476792264958,False,True
10658,0.3140807460995944,True,none,5,12.587727807065749,15.202150783834758,False,True
10658,0.3140807460995944,True,full,5,11.176713325012784,15.053357412187717,False,True
10659,1.4392004098498765,False,none,5,7.810928261612066,13.938333955316141,False,True
10659,1.4392004098498765,False,full,5,7.066941542768014,15.746287839279661,False,True
10660,0.5271002825863459,True,none,5,8.743746677208684,13.918132722856052,False,True
10660,0.5271002825863459,True,full,5,9.010307312093719,14.720679622151087,False,True
10673,0.22757903233590002,True,none,5,6.223544009313855,10.870168229087582,False,True
10673,0.22757903233590002,True,full,3,5.329282526579146,5.709886782520243,False,True
10662,1.8369800031938321,False,none,5,9.353257937288983,18.168483290577672,False,True
10662,1.8369800031938321,False,full,5,8.305577634086026,18.01164758844161,False,True
10663,3.1906670578817455,False,none,5,3.849017386860749,13.150634735737214,False,True
10663,3.1906670578817455,False,full,5,3.735142848628868,14.49492742152433,False,True
10665,0.5785645492507979,True,none,5,6.147957106074164,12.734086614237684,False,True
10665,0.5785645492507979,True,full,5,6.325587372777966,13.087073707308162,False,True
10666,1.024457924856893,False,none,5,10.083928212482371,13.174570263581854,False,True
10666,1.024457924856893,False,full,5,11.264012329194307,14.776864497524226,False,True
10667,2.4818895514343255,False,none,5,9.561457008530134,20.985113280982556,False,True
10667,2.4818895514343255,False,full,5,10.533938752931169,20.283683920202947,False,True
10668,1.4559803361347687,False,none,5,6.212038181897,17.16088821944742,False,True
10668,1.4559803361347687,False,full,5,5.952961555792657,11.831380440785091,False,True
10683,0.33109462600297396,True,none,3,11.155046190120366,7.579064550896385,False,False
10683,0.33109462600297396,True,full,2,10.467151594081924,7.242080459191478,False,False
10669,2.064790305284088,False,none,5,4.840165678341377,13.908711624949687,False,True
10669,2.064790305284088,False,full,5,4.586085806486058,15.214526421360546,False,True
10676,0.29786644156769154,True,none,5,14.568402865771612,13.21686428057681,False,False
10676,0.29786644156769154,True,full,5,16.001023216878885,18.9068802663395,False,False
10671,2.157210202830988,False,none,5,4.388372626277897,18.55511716105233,False,True
10671,2.157210202830988,False,full,5,5.664703304704039,16.806069370109327,False,True
10670,0.057832821971534346,True,none,5,2.9144911150584805,12.910072090994246,False,True
10670,0.057832821971534346,True,full,5,2.8296887068842795,12.627414795330317,False,True
10674,3.020933293216065,False,none,5,8.15245058179575,16.827768632293697,False,True
10674,3.020933293216065,False,full,5,9.855196373948399,16.65055216550582,False,True
10688,0.2552547136959217,True,none,2,125.20431387424044,6.598363229007921,True,False
10688,0.2552547136959217,True,full,2,3.5484574903145454,7.147360894238192,False,True
10675,0.6448952523015083,True,none,5,6.244543535311254,14.786692987789,False,True
10675,0.6448952523015083,True,full,5,5.252817952046504,14.290195269446972,False,True
10677,1.4043705969968554,False,none,5,31.095489368618345,30.535300697565123,False,False
10677,1.4043705969968554,False,full,5,35.655186911934585,26.368433098659814,False,False
10682,0.15880704264721526,True,none,4,7.823983300728215,9.515022710661688,False,True
10682,0.15880704264721526,True,full,4,6.183201659498335,8.801519354601906,False,True
10678,0.8579230881012682,True,none,5,8.17971812552576,14.37986405637078,False,True
10678,0.8579230881012682,True,full,5,8.151558073051413,15.748723573226949,False,True
10679,0.7541681693674397,True,none,5,9.49673307705803,13.18186410141545,False,True
10679,0.7541681693674397,True,full,5,8.683136323227812,11.896928226763807,False,True
10685,0.4917855745134629,True,none,5,5.482328390248528,10.455085380249345,False,True
10685,0.4917855745134629,True,full,2,4.745183720995316,9.903949402488353,False,True
10680,6.5461898718806975,False,none,5,25.362056092002227,26.60632387396818,False,True
10680,6.5461898718806975,False,full,5,24.538327150341168,26.613391122799364,False,True
10681,2.4093000942847658,False,none,5,12.310734079068148,14.152109883931265,False,True
10681,2.4093000942847658,False,full,5,12.093500214406538,15.48096706022901,False,True
10691,1.234514034820743,False,none,5,14.900913644366584,15.697949255351569,False,False
10691,1.234514034820743,False,full,2,24.7012376959427,8.737828109207587,True,False
10690,5.928275657281351,False,none,3,34.77682651936503,7.958879307575685,True,False
10690,5.928275657281351,False,full,5,33.31050636650063,23.822978719137605,False,False
10687,0.27846772994865104,True,none,5,8.180384614137244,10.770424486295488,False,True
10687,0.27846772994865104,True,full,2,2.2768154903180493,6.688802647929513,False,True
10693,0.22808220554243425,True,none,3,1.843080101869942,9.961966729229957,False,True
10693,0.22808220554243425,True,full,3,2.405294367832859,8.533742065800046,False,True
10684,1.4993554432606007,False,none,5,8.104226285495693,17.460145676789875,False,True
10684,1.4993554432606007,False,full,5,10.24346990770638,12.186470208739271,False,False
10694,0.34256389226777173,True,none,4,11.029893113683793,8.711093373889236,False,False
10694,0.34256389226777173,True,full,2,3.947452991594918,6.500019725750705,False,True
10700,0.4635143622694967,True,none,2,82.68283103955031,6.431842952671021,True,False
10700,0.4635143622694967,True,full,5,8.574435680555409,10.867477074593706,False,True
10686,3.3055198644970787,False,none,5,9.161545790388779,16.34083805319729,False,True
10686,3.3055198644970787,False,full,5,8.680393997724066,16.888221835521485,False,True
10705,1.9447313055615625,False,none,3,26.193173317382296,7.464790422403094,True,False
10705,1.9447313055615625,False,full,5,2.83100839862776,11.620388788638213,False,True
10689,1.158512030514212,False,none,5,11.640590817165148,23.921371285793764,False,True
10689,1.158512030514212,False,full,5,12.119591869430659,21.880358687270064,False,True
10702,0.699778043663202,True,none,2,45.8908200631221,7.381849730351293,True,False
10702,0.699778043663202,True,full,5,9.065729927042872,11.339918157104016,False,True
10692,1.0637019212005783,False,none,5,9.17647283417393,18.637698925127587,False,True
10692,1.0637019212005783,False,full,5,8.18771541764808,18.63253356032451,False,True
10710,0.8379360801829867,True,none,3,41.747685845331986,5.182159305873969,True,False
10710,0.8379360801829867,True,full,2,19.43614659744673,6.570667716295054,False,False
10707,1.545994708329516,False,none,5,3.309344820928407,9.116468652956382,False,True
10707,1.545994708329516,False,full,3,4.707332940740988,9.138993538626659,False,True
10695,3.366154457612661,False,none,5,16.878719441025115,25.04069155182063,False,True
10695,3.366154457612661,False,full,5,18.17953600949948,25.85652247466339,False,True
10696,2.5832089068219397,False,none,5,13.343541265255471,15.080846526715339,False,True
10696,2.5832089068219397,False,full,5,13.074753793790894,15.768290621686283,False,True
10697,0.6563878004818695,True,none,5,11.189567331010405,19.664516445219924,False,True
10697,0.6563878004818695,True,full,5,8.455324709561275,18.638822207807415,False,True
10706,0.2618635425375943,True,none,5,2.661155174185276,10.656420252777288,False,True
10706,0.2618635425375943,True,full,3,3.967233291554701,8.338962132193096,False,True
10698,1.5086931756775976,False,none,5,13.795857452665723,13.697055319529602,False,True
10698,1.5086931756775976,False,full,5,13.440622886316556,11.781081941393563,False,False
10699,0.23547820428525562,True,none,5,14.83855633828501,17.307426541927523,False,True
10699,0.23547820428525562,True,full,5,13.917770728129836,18.13514761480372,False,True
10701,0.07611408274073099,True,none,5,5.015806802428488,16.03704541849893,False,True
10701,0.07611408274073099,True,full,5,6.1588317685667855,15.896522482308924,False,True
10703,0.4130168299477708,True,none,5,11.270896436277662,12.618155334457317,False,True
10703,0.4130168299477708,True,full,5,11.37899105466398,12.248976704757581,False,True
10704,0.8885321189996559,False,none,5,31.188601932717543,16.00374561688153,False,False
10704,0.8885321189996559,False,full,5,21.847509705898585,20.714464766790826,False,False
10720,0.24322404898999922,True,none,2,146.27458112831297,6.595912622404535,True,False
10720,0.24322404898999922,True,full,2,5.619511881814166,7.519112834468888,False,False
10714,0.14583005134990312,True,none,5,2.9718770166887363,11.171742929585161,False,True
10714,0.14583005134990312,True,full,2,7.595393291808741,4.124891894422279,False,False
10723,0.24302204127649066,True,none,2,121.3501703658784,6.516771268525827,True,False
10723,0.24302204127649066,True,full,2,15.3932783367687,7.151359176201174,False,False
10708,1.6607983494377596,False,none,5,13.708255268730165,27.88597450102267,False,True
10708,1.6607983494377596,False,full,5,12.586866392676408,28.007141246802657,False,True
10712,2.3832503804625276,False,none,5,4.8432633617899095,11.24512738097145,False,True
10712,2.3832503804625276,False,full,3,3.5254611006076026,7.305266959114893,False,True
10728,0.5993491444200483,True,none,2,38.11377689822431,7.684329249623673,True,False
10728,0.5993491444200483,True,full,2,4.093089889398436,8.648433443118078,False,True
10709,1.805087902811081,False,none,5,29.420233444255082,26.086057105167228,False,True
10709,1.805087902811081,False,full,5,33.94534526170436,28.7892119958056,False,True
10711,0.28941032493180774,True,none,5,11.026307592402157,21.383499728720093,False,True
10711,0.28941032493180774,True,full,5,10.852032851780056,22.52484410160649,False,True
10729,1.3042249616449497,False,none,2,258.16802173490726,6.441130684110817,True,False
10729,1.3042249616449497,False,full,3,3.3038363781973166,6.864317043984304,False,True
10713,0.4315358798934204,True,none,5,11.20205884453824,13.016287399538507,False,True
10713,0.4315358798934204,True,full,5,9.933652273683423,13.274828545022748,False,True
10733,0.32915504212619234,True,none,2,100.68222347241644,6.458318186301771,True,False
10733,0.32915504212619234,True,full,2,0.7705683218185638,6.935280182538767,False,True
10715,0.9560740187564211,False,none,5,35.47392058128848,28.78266943960606,False,False
10715,0.9560740187564211,False,full,5,31.76437516982989,27.673862004825192,False,False
10716,2.6615683556988747,False,none,5,6.522988487056091,17.154651693099215,False,True
10716,2.6615683556988747,False,full,5,5.848834856393378,16.706853344357558,False,True
10719,0.5771275299274657,True,none,4,13.568428043426074,7.599105456021657,False,True
10719,0.5771275299274657,True,full,3,6.7867194875672325,8.009353162341585,False,True
10722,1.3514391170176037,False,none,5,3.3914661039603367,14.709231391765746,False,True
10722,1.3514391170176037,False,full,2,12.30939565909686,6.286367996578386,False,False
10730,1.284099451018832,False,none,2,162.6751211898284,6.495877243764125,True,False
10730,1.284099451018832,False,full,5,2.129837428540848,10.753114669363509,False,True
10717,1.552450433084639,False,none,5,22.18350525177373,35.92558950952638,False,True
10717,1.552450433084639,False,full,5,20.426977865934294,31.18931329795335,False,True
10718,0.6399252301410145,True,none,5,2.3051949051939022,13.000123464911988,False,True
10718,0.6399252301410145,True,full,5,4.793828594548165,12.525211353659575,False,True
10741,0.34460390177315053,True,none,2,116.69477191549576,6.352703469084351,True,False
10741,0.34460390177315053,True,full,2,2.7262406965148864,6.199864942559763,False,True
10721,1.4320870216853563,False,none,5,27.76083364372193,20.005107550880126,False,False
10721,1.4320870216853563,False,full,5,24.62920675552808,18.14195420605555,False,False
10738,0.914732817499681,False,none,2,55.768897687676336,6.3552788826383,True,False
10738,0.914732817499681,False,full,3,5.016710065316216,2.847585674256866,False,False
10740,0.6679534454933174,True,none,3,26.618188831988213,5.276241324497916,True,False
10740,0.6679534454933174,True,full,2,2.6549299756082996,6.882054902027546,False,True
10724,0.41266606767937225,True,none,5,19.136754162861102,24.620165881541254,False,False
10724,0.41266606767937225,True,full,5,18.22982331241269,23.120444560176676,False,True
10749,0.2215727676123745,True,none,2,147.82378471591608,6.266395286886034,True,False
10749,0.2215727676123745,True,full,2,0.7486194787303992,7.935702141287278,False,True
10725,1.1224738894789155,False,none,5,2.5951596421068506,13.189704850997714,False,True
10725,1.1224738894789155,False,full,5,0.21929440805012387,13.768504573006416,False,True
10726,2.3187188686417177,False,none,5,6.317402449235346,13.539696119931763,False,True
10726,2.3187188686417177,False,full,5,6.04085811765552,12.484325862426552,False,True
10752,0.23743475250173868,True,none,2,31.048517385437346,6.542181305323926,True,False
10752,0.23743475250173868,True,full,2,10.466769831575185,6.829398142438095,False,False
10727,1.6435102276190479,False,none,5,7.339655252494175,22.94014502622057,False,True
10727,1.6435102276190479,False,full,5,6.408186158588252,22.74896663152803,False,True
10731,3.972084700536322,False,none,5,10.435820777190816,11.523364052161536,False,True
10731,3.972084700536322,False,full,5,9.970359459803035,11.94900828974723,False,True
10736,0.6165041176987048,True,none,5,6.0808168763934995,11.147551218036416,False,True
10736,0.6165041176987048,True,full,2,19.376907750003813,8.328321151996303,False,False
10739,1.6398470533185368,False,none,2,24.191525828478465,6.669766819344515,True,False
10739,1.6398470533185368,False,full,2,5.671151821353184,9.865583747956023,False,True
10732,1.526896655731577,False,none,5,6.576887869434866,20.801757579598988,False,True
10732,1.526896655731577,False,full,5,4.8174383957368745,22.072601053578058,False,True
10750,0.1631529123626147,True,none,3,148.62849358807253,5.135751121461687,True,False
10750,0.1631529123626147,True,full,3,4.8063346809100285,8.57282133494322,False,True
10734,2.3066967945763337,False,none,5,9.79665153462616,14.932613491070748,False,True
10734,2.3066967945763337,False,full,5,13.713073222426896,14.737747308189876,False,True
10735,4.441195405943491,False,none,5,10.213893108053261,11.957798117177195,False,True
10735,4.441195405943491,False,full,5,5.18773934433334,10.79782179510281,False,True
10737,1.4050026370053341,False,none,5,22.939311938619056,34.97825235739114,False,True
10737,1.4050026370053341,False,full,5,23.705737636055865,34.858617991411805,False,True
10753,0.432213781312551,True,none,3,24.987085737849124,7.8868005979501214,True,False
10753,0.432213781312551,True,full,2,9.219192442475194,6.228675383701599,False,False
10742,1.165504447982079,False,none,5,5.6164097870047325,16.924706624036276,False,True
10742,1.165504447982079,False,full,5,4.652326475994666,14.643399658544814,False,True
10751,2.1920608507466146,False,none,5,4.061492812855902,10.810796981000923,False,True
10751,2.1920608507466146,False,full,3,5.756484497678982,4.804972241384367,False,False
10743,1.3119497328934873,False,none,5,4.479093659511071,11.534590342531459,False,True
10743,1.3119497328934873,False,full,5,6.676748620454211,12.264736632087141,False,True
10744,1.0202390171770543,False,none,5,25.678629633577412,29.974463746999803,False,False
10744,1.0202390171770543,False,full,5,24.375791175071488,28.037179937662092,False,False
10745,0.9848817790763997,False,none,5,7.065028496289065,19.066700180689384,False,True
10745,0.9848817790763997,False,full,5,6.355126310444249,18.04260131512934,False,True
10746,0.7218604797552152,True,none,5,16.074984898762786,21.251429353344125,False,True
10746,0.7218604797552152,True,full,5,14.741989657915358,20.61555729606332,False,True
10748,0.16689061076976947,True,none,5,2.547083081373483,14.747414906418658,False,True
10748,0.16689061076976947,True,full,5,2.3590499262483533,15.091832580340283,False,True
10747,2.1320199427899,False,none,5,7.138469870624488,14.699493526114217,False,True
10747,2.1320199427899,False,full,5,5.27174664362038,14.089133494577908,False,True
10757,1.2630506088141058,False,none,2,63.65503528210577,6.423817260996545,True,False
10757,1.2630506088141058,False,full,5,20.114703282719656,15.884869054150846,False,False
10764,0.3707938248537168,True,none,3,6.684735769318885,7.28008036380961,False,True
10764,0.3707938248537168,True,full,2,1.7011492069989271,8.506137826838186,False,True
10769,0.41632605354932856,True,none,2,110.1734408756945,6.322273594628098,True,False
10769,0.41632605354932856,True,full,5,10.515745263397859,12.060176253853005,False,True
10754,0.38836018152077795,True,none,5,3.9561433269910657,11.554316052209222,False,True
10754,0.38836018152077795,True,full,5,4.364615981282982,11.536643528364442,False,True
10758,2.9141460989661114,False,none,5,2.8092259799297814,13.465015777040596,False,True
10758,2.9141460989661114,False,full,5,9.715005045990205,11.436939045473505,False,True
10755,3.8575470113495993,False,none,5,5.564489634665937,18.07215160524466,False,True
10755,3.8575470113495993,False,full,5,5.6100863004749995,19.8989025143043,False,True
10756,2.208254746496198,False,none,5,18.650981978560843,15.626315936401067,False,False
10756,2.208254746496198,False,full,5,18.19835926955346,15.806888595466488,False,False
10773,0.3560930258559521,True,none,2,71.94211789173069,6.33522233738246,True,False
10773,0.3560930258559521,True,full,3,5.202405283174357,9.890597644708075,False,True
10761,0.47630963997596537,True,none,3,14.360555316949407,8.145626421056994,False,False
10761,0.47630963997596537,True,full,5,2.4756714418823464,12.985615193318582,False,True
10778,0.29629116002370726,True,none,2,61.30234850503355,6.504299729928655,True,False
10778,0.29629116002370726,True,full,2,1.0249941846378205,9.009913342626522,False,True
10759,1.1388293313075906,False,none,5,4.355172701985489,11.811330014156688,False,True
10759,1.1388293313075906,False,full,5,6.686732070042024,13.77263140907453,False,True
10760,2.5803655579784537,False,none,5,9.649093062443045,13.524183154707258,False,True
10760,2.5803655579784537,False,full,5,9.540454912509645,12.244917362210423,False,True
10767,0.9634347321831644,False,none,5,5.852456507668747,12.592529143508349,False,True
10767,0.9634347321831644,False,full,3,8.87940108641814,8.607460541021007,False,False
10775,0.8476810970570138,True,none,2,9.074768046463458,8.879064504531419,False,False
10775,0.8476810970570138,True,full,5,14.143203351286152,11.38384285002037,False,False
10781,0.2610841090836115,True,none,2,95.22316157951062,6.508543699971558,True,False
10781,0.2610841090836115,True,full,2,0.44284876243260846,9.183504027138769,False,True
10762,3.659853628917354,False,none,5,3.851132611901579,12.063009276248119,False,True
10762,3.659853628917354,False,full,5,3.228074397206433,12.93834558539399,False,True
10779,0.5052872675066457,True,none,2,45.78453705847937,6.3887444995654485,True,False
10779,0.5052872675066457,True,full,2,2.1954672550027756,9.977885653626487,False,True
10763,0.4345951838073434,True,none,5,5.370300939024116,14.575418810428557,False,True
10763,0.4345951838073434,True,full,5,6.874022363654565,15.559639193087303,False,True
10765,1.0663480223010946,False,none,5,3.90222342568482,13.034997382616101,False,True
10765,1.0663480223010946,False,full,5,3.290262813843692,13.187008339584917,False,True
10766,2.1098895567271674,False,none,5,13.665084931987813,15.257941752190296,False,True
10766,2.1098895567271674,False,full,5,13.891123966982374,14.729680180362326,False,True
10768,3.742112871088515,False,none,5,9.00732041303173,14.202039878322354,False,True
10768,3.742112871088515,False,full,5,6.161440518829263,15.791406175044441,False,True
10780,4.413949828048877,False,none,2,28.277225528982594,7.096255012778814,True,False
10780,4.413949828048877,False,full,5,3.8171250749629264,11.330332562791964,False,True
10786,1.5936388727039457,False,none,2,71.6378068741594,6.294562068889815,True,False
10786,1.5936388727039457,False,full,2,6.598735031973054,8.633486543142489,False,False
10770,0.6735093710827283,True,none,5,10.206717178386253,15.254882022314948,False,True
10770,0.6735093710827283,True,full,5,10.442820492113986,11.228028655581562,False,False
10771,1.6957328792464454,False,none,5,2.807364376649007,11.43720618884172,False,True
10771,1.6957328792464454,False,full,4,7.439028210891035,8.894693339203585,False,True
10788,0.6954491696942066,True,none,2,154.56398392023542,6.324709239602049,True,False
10788,0.6954491696942066,True,full,2,2.5651726052318047,8.693464239825804,False,True
10787,1.24511461646108,False,none,3,6.689497136362838,7.743050273875127,False,True
10787,1.24511461646108,False,full,2,13.988622587303743,2.857366175050898,False,False
10785,0.44326369779961083,True,none,3,9.345802915603688,9.20632337352486,False,False
10785,0.44326369779961083,True,full,2,5.263634443467367,7.221290427662663,False,True
10772,0.6316735868004545,True,none,5,4.197190755838463,17.446447535952615,False,True
10772,0.6316735868004545,True,full,5,2.2471296936284695,17.428071307004213,False,True
10774,2.3414813239342576,False,none,5,1.6521845173190628,17.506676960832777,False,True
10774,2.3414813239342576,False,full,5,1.8970415051482843,17.225680583696043,False,True
10798,2.5997391255573965,False,none,2,2.5889211396629603,6.373966082787174,False,True
10798,2.5997391255573965,False,full,2,4.4648090558950875,7.904947418464384,False,True
10797,0.14081275007608215,True,none,2,79.68625012141672,6.379309677616912,True,False
10797,0.14081275007608215,True,full,2,7.2667872179586945,5.091346262325761,False,False
10776,0.2601687852953781,True,none,5,9.908918012399248,13.963538630226257,False,True
10776,0.2601687852953781,True,full,5,10.510996660397591,13.938853650544798,False,True
10777,0.5447445961862075,True,none,5,8.863681158540524,13.067065871581383,False,True
10777,0.5447445961862075,True,full,5,9.215743342523531,14.40997681280197,False,True
10790,3.141975386107768,False,none,5,12.505990226415685,10.070487505577475,False,False
10790,3.141975386107768,False,full,2,7.29523484219667,6.323336066829472,False,False
10805,1.634227039595871,False,none,2,205.04831430558949,6.109213268030815,True,False
10805,1.634227039595871,False,full,2,6.093551780154304,7.242921465371138,False,True
10783,0.3714903393018941,True,none,5,5.458474892306292,16.103008032804926,False,True
10783,0.3714903393018941,True,full,5,6.043751722111787,14.636450815626766,False,True
10782,1.7900437846502724,False,none,5,13.595211787865216,20.071956254143455,False,True
10782,1.7900437846502724,False,full,5,15.854073981246223,15.681609556846245,False,True
10784,3.23408387242488,False,none,5,9.166807277520315,20.156899128551263,False,True
10784,3.23408387242488,False,full,5,8.672288081744398,19.094885345786746,False,True
10789,0.19016663667373193,True,none,5,6.381226455694664,11.901701072636001,False,True
10789,0.19016663667373193,True,full,5,1.1807981276326982,11.640414998241713,False,True
10794,2.9314357946415015,False,none,4,18.57399763786198,8.761271781253903,False,False
10794,2.9314357946415015,False,full,5,7.184714981154352,14.719221803266176,False,True
10796,0.8221479680225513,True,none,5,1.3942513266037577,12.103875844458651,False,True
10796,0.8221479680225513,True,full,3,2.5018236703062886,8.885763213521491,False,True
10792,1.6313856632616162,False,none,5,8.51715009843033,15.200127418864032,False,True
10792,1.6313856632616162,False,full,5,9.487085811566082,13.914087117747794,False,True
10791,0.3490487917253008,True,none,5,9.53856060297408,13.05287334623529,False,False
10791,0.3490487917253008,True,full,5,10.10963650109285,11.868774139715804,False,False
10810,0.45187674856290244,True,none,2,31.116314998658307,6.438822318647723,True,False
10810,0.45187674856290244,True,full,2,3.3654727010265835,8.484280021808587,False,True
10793,5.686362235385653,False,none,5,11.899261391518019,13.969741414677905,False,True
10793,5.686362235385653,False,full,5,11.280802286352987,13.769743368851387,False,True
10800,0.7658302420975841,True,none,5,4.87499882214184,10.905230738678144,False,True
10800,0.7658302420975841,True,full,5,4.758898932881341,11.156633552467023,False,True
10795,5.438031541874078,False,none,5,5.650099701310933,22.90603014400221,False,True
10795,5.438031541874078,False,full,5,6.887565856724424,21.929298332193333,False,True
10801,0.7080125223228918,True,none,5,2.071594731022667,11.319662476841241,False,True
10801,0.7080125223228918,True,full,5,1.8101445567761285,7.101901932789941,False,True
10799,1.7425340308308943,False,none,5,8.835225162510344,19.24823212133797,False,True
10799,1.7425340308308943,False,full,5,4.746833349813411,14.903856736226402,False,True
10802,0.7202789878625043,True,none,5,6.136355726268489,22.139541866800524,False,True
10802,0.7202789878625043,True,full,5,6.257891307187846,20.60311880901214,False,True
10803,1.2279574480651385,False,none,5,3.6640282099038473,18.310099379842733,False,True
10803,1.2279574480651385,False,full,5,4.4946036008525185,15.96022067162236,False,True
10804,0.5937884535933327,True,none,5,12.27957651035735,13.931903836998357,False,True
10804,0.5937884535933327,True,full,5,8.486553287035685,16.941430111685317,False,True
10807,0.36363008535979585,True,none,5,2.879908403447697,10.97354943752733,False,True
10807,0.36363008535979585,True,full,3,3.022644014761444,8.365111267569526,False,True
10814,2.534346672112396,False,none,5,8.834694171137725,11.273669844275956,False,True
10814,2.534346672112396,False,full,2,13.955270266070908,8.421523160587924,False,False
10812,1.092110434746925,False,none,5,8.896037815819147,12.887773350945547,False,True
10812,1.092110434746925,False,full,3,11.090935021739392,7.094708603037304,False,False
10806,1.911033198675165,False,none,5,6.46579874536728,15.36709816797057,False,True
10806,1.911033198675165,False,full,5,5.556898555921296,16.639221989729645,False,True
10820,0.809740997632531,True,none,2,72.9121632175785,6.442625769808828,True,False
10820,0.809740997632531,True,full,3,5.7105815131389175,8.72179400258688,False,True
10808,2.9894526582061474,False,none,5,18.370027089112497,20.491930842014586,False,True
10808,2.9894526582061474,False,full,5,9.228804761017914,21.82437598582839,False,True
10809,0.41541004294780315,True,none,5,5.133943157855741,13.748094248636535,False,True
10809,0.41541004294780315,True,full,5,6.77650487037974,14.672299729747982,False,True
10811,0.6545520107418116,True,none,5,9.539694167958206,14.019215813369044,False,True
10811,0.6545520107418116,True,full,5,11.3445087610407,12.266681069035823,False,True
10813,1.6978863757588794,False,none,5,6.880273814677476,17.469144946026404,False,True
10813,1.6978863757588794,False,full,5,6.631177737557126,16.927038231247575,False,True
10817,0.8142013363075965,True,none,2,16.362115525188855,6.427654749639384,False,False
10817,0.8142013363075965,True,full,3,18.591681473005796,9.59840424276502,False,False
10833,0.4810608554224642,True,none,2,113.62800716970355,6.722754954300037,True,False
10833,0.4810608554224642,True,full,2,30.518304141460703,4.243012452922086,True,False
10815,4.739950088248249,False,none,5,12.65242693643938,11.914789788200315,False,False
10815,4.739950088248249,False,full,5,12.748219832456478,12.41517617589839,False,False
10823,0.14701547902015905,True,none,5,2.270910845198925,11.628170443240398,False,True
10823,0.14701547902015905,True,full,3,3.6089744012926155,5.344153778665324,False,True
10827,0.6720004075675897,True,none,2,103.36705592703021,6.320731676813168,True,False
10827,0.6720004075675897,True,full,5,3.9684319718697023,18.172006698435172,False,True
10819,0.5192902916490183,True,none,5,13.462810527873893,10.426564730833114,False,False
10819,0.5192902916490183,True,full,5,9.952223457661791,11.034173786285372,False,True
10816,2.4741321285744204,False,none,5,26.32030843707922,33.04237601638515,False,False
10816,2.4741321285744204,False,full,5,22.278177149174386,21.638132936571637,False,False
10832,0.8156864498871155,True,none,3,13.197127167786363,5.215198512510164,False,False
10832,0.8156864498871155,True,full,3,11.195906879173931,8.20771948387094,False,False
10818,3.4114634774514854,False,none,5,6.408467090200067,12.149080367893848,False,True
10818,3.4114634774514854,False,full,5,3.6318836792998046,14.301012117215407,False,True
10831,0.46767179597659697,True,none,3,2.1774530167124757,8.668078001372086,False,True
10831,0.46767179597659697,True,full,2,1.872841560392228,8.761604112636327,False,True
10828,0.8216401488501104,True,none,5,6.325186015917305,14.78713386567275,False,True
10828,0.8216401488501104,True,full,5,3.459321516946154,12.602353017809097,False,True
10821,1.5319562404417657,False,none,5,6.347479153970182,24.90541820046614,False,True
10821,1.5319562404417657,False,full,5,6.652802298560293,23.2832814336165,False,True
10822,2.8592174638535597,False,none,5,23.58274535472456,19.575498975819087,False,False
10822,2.8592174638535597,False,full,5,17.41155399114597,15.644399252985597,False,False
10835,2.83705936392877,False,none,5,21.109468601078838,12.672047899885216,False,False
10835,2.83705936392877,False,full,2,27.234296054164123,4.613100083175145,True,False
10825,0.32331063459789183,True,none,5,6.115693218237016,18.12104584253429,False,True
10825,0.32331063459789183,True,full,5,6.7372279352470965,18.573584803800088,False,True
10824,4.482515090798984,False,none,5,26.344308298046652,21.79783017786716,False,False
10824,4.482515090798984,False,full,5,27.920484449231214,22.18149997636027,False,False
10826,1.4208383630362131,False,none,5,2.844474035465577,15.188771420328992,False,True
10826,1.4208383630362131,False,full,5,3.6496724207422946,14.053678596789954,False,True
10838,0.8877485234717061,False,none,4,8.981088143970997,9.151511111104105,False,True
10838,0.8877485234717061,False,full,3,2.776622336342262,8.979612742288058,False,True
10840,2.8139245910747475,False,none,2,28.984899745368594,6.438769866497168,True,False
10840,2.8139245910747475,False,full,2,14.70619588655379,7.9473900281155245,False,True
10829,2.225263206719586,False,none,5,16.531900611289746,21.367683195989652,False,True
10829,2.225263206719586,False,full,5,14.128186608224809,23.091670442679966,False,True
10842,0.16666484280750105,True,none,3,8.905234479882928,8.289812309809438,False,False
10842,0.16666484280750105,True,full,3,5.11023027384446,5.829019905311202,False,False
10830,1.3086357464305158,False,none,5,2.110398040784843,10.79641610657545,False,True
10830,1.3086357464305158,False,full,5,5.717596743471176,10.60867953046855,False,True
10834,3.4022170892159695,False,none,5,4.136911703402468,12.623309077305354,False,True
10834,3.4022170892159695,False,full,5,3.4432548332715176,18.841373993802275,False,True
10836,1.166552683491269,False,none,5,22.079475087283935,33.438428478919796,False,True
10836,1.166552683491269,False,full,5,20.99873522181312,31.586088393342067,False,True
10839,1.1806265817421104,False,none,5,3.421332539324444,11.631264038278637,False,True
10839,1.1806265817421104,False,full,3,12.648036411847498,7.595230681168666,False,False
10859,0.21955105502730238,True,none,3,97.73366484310411,5.236065756439522,True,False
10859,0.21955105502730238,True,full,2,1.7473665497915782,7.16672549047008,False,True
10856,0.7891634867340619,True,none,2,116.51160880553981,5.918788219427149,True,False
10856,0.7891634867340619,True,full,2,2.7571278520639675,8.27242624291598,False,True
10837,2.0949385660345294,False,none,5,6.137351974794166,10.909639519968565,False,True
10837,2.0949385660345294,False,full,5,3.717532526054867,7.190827843777251,False,True
10841,2.767222642075623,False,none,5,4.031412478665125,14.33807380443356,False,True
10841,2.767222642075623,False,full,5,3.2008505261773577,15.924900747474567,False,True
10848,0.4602056367136863,True,none,5,2.0528460546346996,13.49742773403423,False,True
10848,0.4602056367136863,True,full,3,5.046331716360059,6.655851828173505,False,False
10850,0.8065507102438766,True,none,3,14.490491430766264,8.087732247558918,False,False
10850,0.8065507102438766,True,full,5,5.90635272483696,14.376423888672381,False,True
10847,0.3018647467950033,True,none,5,1.3013097260444269,11.72744082670703,False,True
10847,0.3018647467950033,True,full,3,2.704126461633757,8.991793451039094,False,True
10860,0.4544096477911346,True,none,2,12.171612458669708,6.353349809864811,False,False
10860,0.4544096477911346,True,full,5,8.469019456865036,10.932808015321072,False,True
10843,0.4151963188197848,True,none,5,17.311791808106367,22.03290043682967,False,True
10843,0.4151963188197848,True,full,5,13.42781308828491,20.396535004358327,False,True
10844,0.8332050096627561,True,none,5,40.24957188955939,23.691957750155048,False,False
10844,0.8332050096627561,True,full,5,38.64102981556197,23.110165862507152,False,False
10845,0.11187375410811869,True,none,5,19.09542981432956,15.333517066316396,False,False
10845,0.11187375410811869,True,full,5,19.460440725887796,15.257241192287069,False,False
10846,0.13669114083590445,True,none,5,2.2145166228243767,11.635367977612546,False,True
10846,0.13669114083590445,True,full,5,3.8959683160904066,12.808235459250577,False,True
10851,0.6867646774021846,True,none,5,5.680507465826838,10.980247441424286,False,True
10851,0.6867646774021846,True,full,5,1.9024077319061237,11.04772750450373,False,True
10849,0.5554630468348848,True,none,5,27.834013113720825,26.625630303053143,False,True
10849,0.5554630468348848,True,full,5,26.946856918058536,25.592753044569093,False,True
10852,2.30410917269104,False,none,5,6.774709014643787,11.120855379713333,False,True
10852,2.30410917269104,False,full,5,12.256159513479503,15.768564308533309,False,True
10862,2.443426079752762,False,none,5,5.160742101406353,17.816036274297907,False,True
10862,2.443426079752762,False,full,3,6.088348749578179,5.673234111597627,False,True
10857,1.007220355239072,False,none,5,0.8574161422720649,11.175409747372015,False,True
10857,1.007220355239072,False,full,5,1.8988436263275212,13.085519057327632,False,True
10853,3.3332201454380788,False,none,5,25.532168750918718,15.219492124927907,False,False
10853,3.3332201454380788,False,full,5,18.328064042865375,16.86659742413831,False,True
10854,0.8375592273489311,True,none,5,10.3289793081355,12.888145075367044,False,True
10854,0.8375592273489311,True,full,5,3.206565285191545,12.699730112059658,False,True
10855,0.19661830953913567,True,none,5,3.7006549222534857,14.31019785878638,False,True
10855,0.19661830953913567,True,full,5,2.97175433876511,12.920121982913612,False,True
10858,1.042349731024291,False,none,5,11.619548777487228,20.1597262229339,False,True
10858,1.042349731024291,False,full,5,15.330709945097631,19.752138536720153,False,True
10866,0.2246387705725483,True,none,4,6.558610048031609,7.281868742798141,False,True
10866,0.2246387705725483,True,full,2,2.075168553954667,7.042488365859464,False,True
10869,0.8560137924580692,True,none,3,5.188804723320672,9.630045016812431,False,True
10869,0.8560137924580692,True,full,5,7.607867460492034,11.319245347500942,False,True
10861,3.9053023179671578,False,none,5,12.365890873968178,21.606484499555588,False,True
10861,3.9053023179671578,False,full,5,12.199391997299854,18.15717847086726,False,True
10867,1.3799148295848245,False,none,5,12.749629369409966,14.536700389945924,False,True
10867,1.3799148295848245,False,full,2,8.360788358594993,9.734488655090075,False,True
10872,0.2258300194128635,True,none,2,63.65310578589162,6.30986921563714,True,False
10872,0.2258300194128635,True,full,2,1.7741154202780436,3.579470098379465,False,True
10875,0.3391549433924969,True,none,2,150.81770191640044,6.149875658047243,True,False
10875,0.3391549433924969,True,full,5,1.795579873197694,11.602833444367628,False,True
10863,0.4866777422720561,True,none,5,7.5625004345053375,14.389598513947899,False,True
10863,0.4866777422720561,True,full,5,4.298061937074512,14.005353031956252,False,True
10868,1.6077087445407034,False,none,5,4.3750420558543155,12.580185353247733,False,True
10868,1.6077087445407034,False,full,5,7.260099844678716,17.224180990929142,False,True
10864,1.0341977047761461,False,none,5,7.707628368814632,12.855524197575697,False,True
10864,1.0341977047761461,False,full,5,8.334604898509076,12.571734671238211,False,True
10877,0.3295327668403459,True,none,5,4.332476173137269,13.045569829761586,False,True
10877,0.3295327668403459,True,full,3,0.8477500373021547,6.663904024565187,False,True
10865,1.974906676002174,False,none,5,6.323634488344614,14.971882341004804,False,True
10865,1.974906676002174,False,full,5,10.81861493892023,15.485887702706314,False,True
10885,1.091771924491131,False,none,2,131.8285404730394,6.3043734709260875,True,False
10885,1.091771924491131,False,full,3,1.691428174961867,9.112711741023276,False,True
10883,0.1869822275047214,True,none,2,161.20271370741602,6.2210963661922944,True,False
10883,0.1869822275047214,True,full,3,4.162293393445575,6.564414236703266,False,True
10870,1.9639886800870339,False,none,5,16.614256243534378,15.528331115862166,False,True
10870,1.9639886800870339,False,full,5,11.366714104625382,13.723443581916783,False,True
10871,1.8533959911866436,False,none,5,14.923616913637748,14.871168605607775,False,True
10871,1.8533959911866436,False,full,5,14.823886385722743,14.256399554064107,False,True
10879,0.5949144587683728,True,none,5,4.831752630428862,15.040253666073863,False,True
10879,0.5949144587683728,True,full,2,5.130912341213427,9.800523807268977,False,True
10873,3.8406653556554313,False,none,5,8.842280378684729,15.467732859491688,False,True
10873,3.8406653556554313,False,full,5,9.709887947860778,15.990179632149232,False,True
10874,0.2417334186886662,True,none,5,3.9280553495652653,13.281016060491806,False,True
10874,0.2417334186886662,True,full,5,3.0804237410374307,13.114815721157393,False,True
10876,2.6868013700626237,False,none,5,14.486079757544324,16.16851183205517,False,True
10876,2.6868013700626237,False,full,5,12.416698699753681,15.159564935399217,False,True
10878,1.5274690508950108,False,none,5,5.60642997231461,13.455797215717846,False,True
10878,1.5274690508950108,False,full,5,5.161029977574965,13.793097936097205,False,True
10886,0.4415392074457157,True,none,3,5.210052883881735,9.907257182101306,False,True
10886,0.4415392074457157,True,full,4,4.462023882921263,8.371251012079439,False,True
10884,1.8365192013027982,False,none,5,3.4883757091277237,10.40117790977741,False,True
10884,1.8365192013027982,False,full,5,4.138670750437186,12.397491008259696,False,True
10880,1.7063958973683016,False,none,5,10.842140893272846,15.4136317934051,False,True
10880,1.7063958973683016,False,full,5,13.410258750778471,13.936675681752375,False,True
10881,1.6800435281606627,False,none,5,6.114579511201729,14.49023744362435,False,True
10881,1.6800435281606627,False,full,5,6.019020274529535,11.928839952371865,False,True
10893,1.6478364823293803,False,none,3,9.410320921544796,7.2782789914439245,False,False
10893,1.6478364823293803,False,full,2,7.412444008464084,6.411446365320796,False,False
10882,1.207914896766354,False,none,5,7.622709934514139,11.219604365205539,False,True
10882,1.207914896766354,False,full,5,2.211112681655977,12.369751531945273,False,True
10900,0.5928502432642601,True,none,3,2.6981727299938494,8.260895750405519,False,True
10900,0.5928502432642601,True,full,3,1.4244763843218113,5.619320975250988,False,True
10899,1.9455047874240414,False,none,2,45.44915337934367,6.767707810575421,True,False
10899,1.9455047874240414,False,full,3,13.462244094641093,8.692198815282545,False,False
10888,0.4249897135714078,True,none,5,2.448291613334234,14.148485512933998,False,True
10888,0.4249897135714078,True,full,3,2.5719786861609517,9.884255288468278,False,True
10887,2.335202530902484,False,none,5,5.70794859694932,25.972583414466655,False,True
10887,2.335202530902484,False,full,5,5.136217999112851,25.39588011360405,False,True
10905,0.4710870246072232,True,none,2,103.80933049215716,6.384379978156755,True,False
10905,0.4710870246072232,True,full,2,10.840959024124341,7.084335286736224,False,False
10892,2.330235493174386,False,none,4,13.807149830325011,9.541486583579097,False,False
10892,2.330235493174386,False,full,5,5.692642510777639,11.094414329441479,False,True
10889,2.0616182110805403,False,none,5,12.064338185175227,15.47523404539406,False,True
10889,2.0616182110805403,False,full,5,12.778646888992812,14.943319041106237,False,True
10891,0.563583957826474,True,none,5,6.865725615377393,26.330788304744182,False,True
10891,0.563583957826474,True,full,5,14.195706087385796,10.677913037597412,False,False
10890,2.9917866969553466,False,none,5,23.579833854259224,20.882443685825248,False,False
10890,2.9917866969553466,False,full,5,21.975622647980217,22.903010367669506,False,False
10894,0.4716260603364142,True,none,5,2.0425385649538867,11.523472613359386,False,True
10894,0.4716260603364142,True,full,5,1.89557649086928,6.507072992236857,False,True
10898,1.0464107967316634,False,none,5,2.550323464876464,11.970895474800482,False,True
10898,1.0464107967316634,False,full,5,3.7546880361742145,10.378135446355168,False,True
10895,2.892985267981113,False,none,5,10.01069168306913,15.345775022019415,False,True
10895,2.892985267981113,False,full,5,10.210990864466126,15.057134692844201,False,True
10896,0.40503894984962213,True,none,5,17.72860327810843,25.31511080679582,False,True
10896,0.40503894984962213,True,full,5,17.184143897574536,24.986261337840897,False,True
10897,2.392422036388679,False,none,5,9.655689207521936,24.851710838364585,False,True
10897,2.392422036388679,False,full,5,8.988698797300978,24.08904059225419,False,True
10914,0.6322053999195365,True,none,2,92.09640240570786,6.544496098304497,True,False
10914,0.6322053999195365,True,full,2,9.15127546678427,3.510749788878004,False,False
10909,0.7579186776547011,True,none,3,2.9124622355107124,7.730264052765226,False,True
10909,0.7579186776547011,True,full,3,4.017199582480518,6.3320397837982565,False,True
10902,0.20879457399530787,True,none,5,2.9068515982323073,12.582478297738653,False,True
10902,0.20879457399530787,True,full,3,5.917312603023798,5.855735345607796,False,True
10911,0.6747807950064526,True,none,3,17.813845544026844,9.27391608510447,False,False
10911,0.6747807950064526,True,full,3,5.32361357845958,8.59550234070609,False,True
10906,0.3743576554191909,True,none,5,1.7600575592055312,10.213446498499511,False,True
10906,0.3743576554191909,True,full,3,4.22731125194259,6.4750436074711,False,True
10901,0.6508239712321238,True,none,5,4.5452387444726075,12.376676119876526,False,True
10901,0.6508239712321238,True,full,5,2.4095838267241185,12.903844070454639,False,True
10916,0.9269787723022679,False,none,4,2.5580394674344373,9.52783003314362,False,True
10916,0.9269787723022679,False,full,2,7.136541742621855,9.40137744340175,False,True
10908,0.1461891260195172,True,none,5,4.320425161648992,10.556304251290351,False,True
10908,0.1461891260195172,True,full,3,4.730969199675916,5.926799727865076,False,True
10903,1.7438928427512381,False,none,5,4.65965407825502,10.000886204119602,False,True
10903,1.7438928427512381,False,full,5,1.2510005291640363,10.312104692841974,False,True
10904,2.360352543311797,False,none,5,6.618175248139626,17.09312263327216,False,True
10904,2.360352543311797,False,full,5,9.164650914472135,14.555395215733588,False,True
10917,1.8619649092672148,False,none,3,49.85078535179318,7.764502345061868,True,False
10917,1.8619649092672148,False,full,5,8.065827408851531,13.692471029126876,False,True
10907,0.2502924879183879,True,none,5,8.286528912809992,13.7463871880475,False,True
10907,0.2502924879183879,True,full,5,7.647624138102525,13.340606442924413,False,True
10910,1.45269489913882,False,none,5,5.219632692371086,16.710856788056564,False,True
10910,1.45269489913882,False,full,5,6.519642031690691,17.22513848399146,False,True
10912,2.793892785189803,False,none,5,6.664843396494411,18.65094531554938,False,True
10912,2.793892785189803,False,full,5,15.783046395994427,14.829365317479771,False,False
10913,2.226862842150982,False,none,5,4.997404227887157,13.670579046335837,False,True
10913,2.226862842150982,False,full,5,6.872952754322738,12.129415312448447,False,True
10934,0.15130098838675715,True,none,2,35.340020719042215,6.330690561096947,True,False
10934,0.15130098838675715,True,full,2,4.943184789399064,6.729096289056952,False,True
10915,0.6982089328118148,True,none,5,11.142810614475389,13.7968759916684,False,True
10915,0.6982089328118148,True,full,5,9.778680908187797,15.7675927960069,False,True
10930,1.1528838249786486,False,none,2,182.07895466010226,6.377290897256433,True,False
10930,1.1528838249786486,False,full,5,5.830262699056785,11.926222655183132,False,True
10923,0.6984993340618993,True,none,5,6.042285544246129,14.408206915482099,False,True
10923,0.6984993340618993,True,full,3,2.173813157126282,8.551295275312697,False,True
10918,1.9166548681696263,False,none,5,15.88154307266557,10.996418819738482,False,False
10918,1.9166548681696263,False,full,5,15.135514373894033,11.993505912884784,False,False
10938,5.387536080375669,False,none,3,6.4321475513499875,9.783021155276177,False,True
10938,5.387536080375669,False,full,2,3.5006389830562323,7.099807609529239,False,True
10919,4.49650139266513,False,none,5,35.719920017960455,23.400594609009286,False,False
10919,4.49650139266513,False,full,5,37.55073967093738,21.734821960623417,False,False
10920,1.238441044274634,False,none,5,4.812588329590247,18.475731412610518,False,True
10920,1.238441044274634,False,full,5,2.723528026667783,17.21949151523919,False,True
10921,1.2941921978358497,False,none,5,12.088057744241722,11.913902522135688,False,True
10921,1.2941921978358497,False,full,5,13.876145906866391,12.362342399340976,False,True
10935,0.17537853594594838,True,none,5,3.831018377812629,11.93926814697049,False,True
10935,0.17537853594594838,True,full,3,3.9324637830129094,6.4561479819302825,False,True
10922,0.492807387950196,True,none,5,12.326147531808326,16.508636185049458,False,True
10922,0.492807387950196,True,full,5,10.54725947845812,16.101733717920567,False,True
10925,0.9142798122055994,False,none,5,1.6543857114122928,14.298452893558544,False,True
10925,0.9142798122055994,False,full,5,9.066588657057022,11.781861337949705,False,True
10924,4.339681603365273,False,none,5,4.62073395688264,18.623285600597107,False,True
10924,4.339681603365273,False,full,5,6.912243138529967,13.116381012597857,False,True
10926,1.1248635426431124,False,none,5,5.314207754872196,19.304584488829203,False,True
10926,1.1248635426431124,False,full,5,6.1099119306048415,19.01837772210189,False,True
10927,0.9663897926413869,False,none,5,6.7090714427369615,19.079689570780022,False,True
10927,0.9663897926413869,False,full,5,6.390099872136218,19.53522645856974,False,True
10929,1.0427478484823152,False,none,5,4.776009587340693,18.113628478222083,False,True
10929,1.0427478484823152,False,full,5,8.959971022877513,16.070840338218236,False,True
10928,1.2027400808674809,False,none,5,4.260636429743959,15.254859916636523,False,True
10928,1.2027400808674809,False,full,5,2.753674973792366,17.23993253412663,False,True
10939,0.4366128007131394,True,none,5,6.191637259831521,10.983459871175363,False,True
10939,0.4366128007131394,True,full,3,10.278568094612933,7.5902344867489715,False,False
10931,1.4989985764558327,False,none,5,9.13819311529945,15.500769333009275,False,True
10931,1.4989985764558327,False,full,5,10.2074433827675,16.20584558018738,False,True
10940,1.2896603523898558,False,none,3,28.271613212656682,6.356651862633832,True,False
10940,1.2896603523898558,False,full,5,1.9691851670256486,5.349397590294504,False,True
10932,0.6873335287737514,True,none,5,20.195483098751225,16.078300426963814,False,False
10932,0.6873335287737514,True,full,5,18.144745627733528,15.447112753829828,False,False
10933,5.286967377133144,False,none,5,13.174043713070274,27.770342005772637,False,True
10933,5.286967377133144,False,full,5,15.302270374292721,26.81516659897184,False,True
10944,0.26608470395131983,True,none,3,132.04154169509246,5.596003290451435,True,False
10944,0.26608470395131983,True,full,4,3.181170120687562,7.108296162853399,False,True
10936,1.0252924142779372,False,none,5,8.408110247380186,14.784548631570056,False,True
10936,1.0252924142779372,False,full,5,12.09302903231214,16.510478973783933,False,True
10950,1.4777457172669006,False,none,2,125.86227349226594,6.283989703450148,True,False
10950,1.4777457172669006,False,full,3,1.454017367964277,9.360670517863527,False,True
10937,3.596327551154451,False,none,5,18.87325950796848,30.247805758511316,False,True
10937,3.596327551154451,False,full,5,17.800637403599776,27.68629769483804,False,True
10952,0.9949806841386721,False,none,3,3.6941686498230983,8.918932766809865,False,True
10952,0.9949806841386721,False,full,2,7.470608321356492,9.804040976944899,False,True
10946,1.9362203606901007,False,none,5,6.709731448307389,18.702593895089073,False,True
10946,1.9362203606901007,False,full,2,6.234409255117868,3.691627089013229,False,False
10948,1.9297118513964946,False,none,5,8.824023110584783,12.18210140630907,False,True
10948,1.9297118513964946,False,full,2,11.080667427290932,8.480543861119965,False,False
10942,0.6838717291999633,True,none,5,6.5501589470319965,13.904729753880437,False,True
10942,0.6838717291999633,True,full,5,6.498632955405923,12.667084020431776,False,True
10963,0.735690312095676,True,none,2,158.6785744440833,6.517103534176841,True,False
10963,0.735690312095676,True,full,3,10.280706717831187,6.588359592325852,False,False
10941,0.7451881037726906,True,none,5,4.8806937674694195,13.063591528462645,False,True
10941,0.7451881037726906,True,full,5,4.626331332212869,15.213149884750493,False,True
10954,0.5491195052045736,True,none,2,137.5519202620754,6.468191627333921,True,False
10954,0.5491195052045736,True,full,5,5.083855847031517,13.184785329201505,False,True
10943,0.7437723687891058,True,none,5,3.69880334776823,15.696035836505299,False,True
10943,0.7437723687891058,True,full,5,2.6325965756634577,15.3746973585135,False,True
10957,0.8874228270633109,False,none,5,5.3607923920629466,12.770127955738682,False,True
10957,0.8874228270633109,False,full,2,12.157106566736015,7.969623091615122,False,False
10966,0.1795507031057653,True,none,2,150.1240234583207,6.4846453501633405,True,False
10966,0.1795507031057653,True,full,2,4.552381146349575,8.630309499650238,False,True
10955,1.6242837235863647,False,none,3,37.841576848460406,5.351920019122756,True,False
10955,1.6242837235863647,False,full,2,18.372918050475008,6.3024316471202315,False,False
10965,1.0948248519042445,False,none,2,42.52439280835592,6.54450970894162,True,False
10965,1.0948248519042445,False,full,3,1.990512755540034,8.428566580120922,False,True
10945,0.8435749298651228,True,none,5,13.624587418614931,13.080568845019974,False,True
10945,0.8435749298651228,True,full,5,14.550204709587495,16.91953250274946,False,True
10947,0.40551516300641255,True,none,5,4.271841993872621,14.304658134327317,False,True
10947,0.40551516300641255,True,full,5,3.9181363469520565,12.962469213462697,False,True
10949,0.710361098977626,True,none,5,3.908620273845303,18.08709596145366,False,True
10949,0.710361098977626,True,full,5,4.564590061124002,20.459013744975593,False,True
10953,1.0235494557977696,False,none,5,30.48901242980172,9.555398406726267,True,False
10953,1.0235494557977696,False,full,4,3.19932252726491,9.653218202622032,False,True
10951,0.6992919032688586,True,none,5,14.047192122882848,13.212563862176811,False,True
10951,0.6992919032688586,True,full,5,14.643459397855075,13.929099714818612,False,True
10956,1.9620131687098883,False,none,3,8.02390233926826,8.979698411521417,False,False
10956,1.9620131687098883,False,full,5,2.7215218918130017,11.689024248157347,False,True
10958,5.752966432134412,False,none,5,5.927980495441841,15.120203908282836,False,True
10958,5.752966432134412,False,full,5,2.835305135300324,10.691217149965443,False,True
10959,1.9554888959884966,False,none,5,5.067327225177801,15.66400741549489,False,True
10959,1.9554888959884966,False,full,5,4.482907279934054,9.268268735570464,False,True
10960,2.11232947461179,False,none,5,6.89328736623681,10.927746348960317,False,True
10960,2.11232947461179,False,full,5,5.8212649715521065,18.721319783787877,False,True
10961,1.4204701029674704,False,none,5,3.2055984783049407,19.057427821081696,False,True
10961,1.4204701029674704,False,full,5,19.780107549992348,18.234587641826725,False,False
10974,3.290963045404404,False,none,2,201.77571586846375,6.51769250109605,True,False
10974,3.290963045404404,False,full,2,28.99707186698658,7.32613677372932,True,False
10964,0.2211948421671371,True,none,5,4.9058092663239625,11.78665630688928,False,True
10964,0.2211948421671371,True,full,3,6.914322069533425,8.703019845985787,False,True
10962,0.24536104526026364,True,none,5,10.889258171285576,19.677731183254096,False,True
10962,0.24536104526026364,True,full,5,16.981520054468888,20.615373398856235,False,True
10983,0.880190169673779,False,none,2,157.4978010392835,6.453830990308948,True,False
10983,0.880190169673779,False,full,4,2.5836826667753328,8.494626783632405,False,True
10982,0.37901564703775403,True,none,2,54.766052215456384,6.988640766490617,True,False
10982,0.37901564703775403,True,full,3,5.215194664663835,6.109638256117404,False,True
10967,0.6704167923053858,True,none,5,4.370571368595187,15.096738682024162,False,True
10967,0.6704167923053858,True,full,5,4.637105789390528,14.103954774768493,False,True
10968,8.544750740321406,False,none,5,25.070027663068796,28.26239270404354,False,False
10968,8.544750740321406,False,full,5,24.84670943766804,29.188236506200738,False,False
10984,0.20716944786575126,True,none,2,116.70817298721637,6.351464052790566,True,False
10984,0.20716944786575126,True,full,5,3.0906801385320395,9.157109079583117,False,True
10969,0.7241317733901946,True,none,5,12.254580890295129,25.53685339319972,False,True
10969,0.7241317733901946,True,full,5,10.087520954877887,22.644893155217346,False,True
10985,0.23220952367194705,True,none,3,3.7052631028609033,9.175690769274738,False,True
10985,0.23220952367194705,True,full,3,3.6696611057586033,4.886027089688536,False,True
10986,0.5999860964843441,True,none,4,3.8972730551996277,8.011713514915622,False,True
10986,0.5999860964843441,True,full,4,6.71766780194717,9.088456937126905,False,True
10970,0.3580117650861728,True,none,5,2.560544649102287,17.033897798320094,False,True
10970,0.3580117650861728,True,full,5,5.380549406527707,11.85536759258125,False,True
10976,0.3417150237764262,True,none,4,8.197029817113473,8.553434666848622,False,True
10976,0.3417150237764262,True,full,5,8.618858553373498,11.43897660493095,False,True
10972,0.9314987702690802,False,none,5,4.0129643999199205,14.62006571060022,False,True
10972,0.9314987702690802,False,full,4,2.460440837600538,7.235101647416023,False,True
10971,0.7358415495240791,True,none,5,8.967371683601495,23.885474062213596,False,True
10971,0.7358415495240791,True,full,5,8.561919902625505,22.765971230833497,False,True
10973,0.6739169135261307,True,none,5,2.7758760664285798,15.56993214453999,False,True
10973,0.6739169135261307,True,full,5,1.8157702583784443,14.855541040434018,False,True
10975,0.7000970906463947,True,none,5,14.438311758576248,17.478899042501883,False,True
10975,0.7000970906463947,True,full,5,13.470339288216417,19.04699545063037,False,True
10977,2.178768088975581,False,none,5,16.442325086901086,18.99891869483049,False,True
10977,2.178768088975581,False,full,5,15.336726976003957,19.38070953044504,False,True
10978,0.6612350349322593,True,none,5,9.211163116844066,14.670964279061634,False,True
10978,0.6612350349322593,True,full,5,5.966142915218228,13.975289191750184,False,True
10979,0.6760113175435133,True,none,5,4.563580524201773,19.191688825649628,False,True
10979,0.6760113175435133,True,full,5,4.129559499484026,18.644958681904516,False,True
10980,1.2136816589655932,False,none,5,12.634986927761233,15.262500751937198,False,True
10980,1.2136816589655932,False,full,5,12.320168007867423,15.7145281039568,False,True
10981,3.0700073869537396,False,none,5,11.63925259292573,15.264014508512577,False,True
10981,3.0700073869537396,False,full,5,12.270445707260336,12.645577416551154,False,True
11003,1.1188712573550679,False,none,3,14.226408832224894,7.875953194487847,False,False
11003,1.1188712573550679,False,full,3,17.40941451682261,8.011987979628683,False,False
10993,3.1740100907854725,False,none,5,8.802325697551247,10.78338392524308,False,False
10993,3.1740100907854725,False,full,2,7.833797525684605,9.117206515353192,False,True
10991,1.6964878315447083,False,none,5,6.99423158952325,14.90054602749652,False,True
10991,1.6964878315447083,False,full,3,7.357744495053712,8.373985989595658,False,True
10987,3.6184304618041776,False,none,5,10.211559806761056,13.604316953836,False,True
10987,3.6184304618041776,False,full,5,9.836322035179728,12.277165022934964,False,True
11002,0.07924792361815945,True,none,4,3.909777536284258,8.555376078115296,False,True
11002,0.07924792361815945,True,full,2,3.4849654612712904,7.439027725139633,False,True
10989,2.077969914388571,False,none,5,9.11080384127057,11.41608897674505,False,True
10989,2.077969914388571,False,full,5,3.344233360911236,12.400713731492065,False,True
10988,4.015650400995619,False,none,5,14.158853704663743,19.957924664310063,False,True
10988,4.015650400995619,False,full,5,13.322984350742015,20.192958321722116,False,True
10990,0.849409431778148,True,none,5,15.36220184917835,20.358763229880182,False,True
10990,0.849409431778148,True,full,5,8.680980180345857,17.040764966732212,False,True
11001,1.6638648628217718,False,none,5,2.0909615527751404,11.242014459047882,False,True
11001,1.6638648628217718,False,full,2,2.977063949510044,6.519656823192196,False,True
10992,2.141543455009523,False,none,5,9.894907378177038,16.231099682776154,False,True
10992,2.141543455009523,False,full,5,10.560534655222927,14.972212756204659,False,True
10994,0.9191292804493376,False,none,5,7.396140777435234,18.137244694273704,False,True
10994,0.9191292804493376,False,full,5,9.683351156823123,18.37665499855644,False,True
10999,0.5026159121354186,True,none,4,11.380891974528357,9.82049407543444,False,False
10999,0.5026159121354186,True,full,5,8.60273395303783,10.931091096536925,False,True
10995,0.8188500381908279,True,none,5,15.940335847213015,20.333167740177117,False,True
10995,0.8188500381908279,True,full,5,11.665440632205659,20.475780140558562,False,True
10996,2.32511497347068,False,none,5,14.632161162664712,17.65241957569813,False,True
10996,2.32511497347068,False,full,5,14.142887352217839,16.254681682875013,False,True
10997,0.74472690874176,True,none,5,6.790678749968866,16.986294556552583,False,True
10997,0.74472690874176,True,full,5,8.129062216021149,16.012886951360052,False,True
10998,0.44380488681470565,True,none,5,12.88146336279529,12.372930247454088,False,False
10998,0.44380488681470565,True,full,5,13.434656306869064,12.644212078729655,False,False
11000,0.44114478977775323,True,none,5,8.355195987099295,16.419994476748776,False,True
11000,0.44114478977775323,True,full,5,9.207780430236712,15.065067332940298,False,True
11005,0.42749024190888496,True,none,5,4.93513505122443,14.986705703660585,False,True
11005,0.42749024190888496,True,full,5,4.987070670736212,16.355164553376778,False,True
11004,0.42671209639642527,True,none,5,6.532111410171842,13.657910613434066,False,True
11004,0.42671209639642527,True,full,5,4.676080630280312,14.18531004929428,False,True
11010,0.8443237509399687,True,none,5,6.893534666618328,12.54791197865516,False,True
11010,0.8443237509399687,True,full,5,13.75363756029042,20.708801649231898,False,True
11006,0.2542072309907559,True,none,5,11.222783850109003,13.180504200563128,False,True
11006,0.2542072309907559,True,full,5,10.101590229709146,12.369506652618137,False,True
11011,2.4701553141035366,False,none,5,13.726897245369702,18.198450326321044,False,False
11011,2.4701553141035366,False,full,5,6.948175688455113,10.631101171246765,False,True
11007,1.364229763316833,False,none,5,12.926222840758006,28.888100705294416,False,True
11007,1.364229763316833,False,full,5,14.066433888023344,28.025441304012936,False,True
11008,4.83818020402854,False,none,5,5.145572638105434,12.161208155237027,False,True
11008,4.83818020402854,False,full,5,5.140720856228781,12.357083598015091,False,True
11009,2.434856191944924,False,none,5,69.5909354370016,53.68304718887968,False,False
11009,2.434856191944924,False,full,5,74.3758732160918,41.6456949544791,False,False
11012,1.1583307296323024,False,none,5,6.150217185968664,11.458350797952972,False,True
11012,1.1583307296323024,False,full,5,3.735862768701065,13.39504525554384,False,True
11020,1.182761644916019,False,none,5,1.1015237684014465,11.099383887728207,False,True
11020,1.182761644916019,False,full,2,2.5200519050822576,8.71397345767855,False,True
11013,1.708329785019841,False,none,5,5.141140111897882,11.226744059839294,False,True
11013,1.708329785019841,False,full,2,2.6331429549140415,7.217280214525217,False,True
11015,0.5493502088111075,True,none,5,9.77432393263782,12.38146107184467,False,True
11015,0.5493502088111075,True,full,3,9.081310645283796,7.363528497765255,False,False
11018,1.7511055360188241,False,none,4,3.3543013090012868,8.882578867035697,False,True
11018,1.7511055360188241,False,full,5,0.8549004942539283,11.150860837154022,False,True
11029,0.8530990759622278,True,none,2,199.01352398404612,6.391816693527438,True,False
11029,0.8530990759622278,True,full,5,3.1382167414802615,12.048134895801228,False,True
11014,0.6433484286512352,True,none,5,12.584190037300926,11.600239700669002,False,True
11014,0.6433484286512352,True,full,5,5.903187713077846,12.083558482483213,False,True
11026,0.33089977512589697,True,none,5,5.086543545186872,10.692825682458096,False,True
11026,0.33089977512589697,True,full,3,4.5473865381567276,8.196386779433993,False,True
11034,1.4870305756894595,False,none,3,57.64590164605575,6.601017844441457,True,False
11034,1.4870305756894595,False,full,2,2.1882879540057165,9.958403643575993,False,True
11016,0.8102685851214186,True,none,5,8.398237897367272,15.344609701640927,False,True
11016,0.8102685851214186,True,full,5,7.025472454685727,15.699928545498967,False,True
11017,2.817233220310824,False,none,5,7.344288714360983,19.28013456041481,False,True
11017,2.817233220310824,False,full,5,6.0673477838920435,19.632517610820347,False,True
11019,0.8113606094886598,True,none,5,6.406955524929957,14.883322791869004,False,True
11019,0.8113606094886598,True,full,5,6.584471668964106,16.220393858574322,False,True
11035,0.4400599024877109,True,none,5,6.2217934654108245,11.088089724367274,False,True
11035,0.4400599024877109,True,full,2,5.528770674368739,5.97584809627072,False,True
11022,2.431327849667769,False,none,5,6.4439390476805585,17.14892403352322,False,True
11022,2.431327849667769,False,full,5,5.295909794128962,16.908535361600325,False,True
11021,1.958805248538221,False,none,5,9.353793455697963,13.208284037577762,False,True
11021,1.958805248538221,False,full,5,8.38449060266502,12.564480472148515,False,True
11023,0.1482377341209987,True,none,5,6.656284731409139,22.611025647746715,False,True
11023,0.1482377341209987,True,full,5,8.95663782716308,15.52384839621716,False,True
11024,1.4960727748585896,False,none,5,4.841174923274615,12.218306748432607,False,True
11024,1.4960727748585896,False,full,5,2.953039812041366,13.34366988468931,False,True
11032,0.627231602571377,True,none,5,4.8258383395945454,11.303588497615593,False,True
11032,0.627231602571377,True,full,3,7.792677385143537,5.111288983483466,False,False
11025,0.8533705185269982,True,none,5,19.329374055305845,13.477336301751285,False,False
11025,0.8533705185269982,True,full,5,17.8375207668573,14.146175253518194,False,False
11027,0.28355066265107837,True,none,5,2.4562660212509777,17.958609943110073,False,True
11027,0.28355066265107837,True,full,5,2.230598933352834,17.32805650315173,False,True
11033,0.09655207876893264,True,none,3,2.501705554470165,9.26941010274777,False,True
11033,0.09655207876893264,True,full,5,2.2415651379140344,11.54923999118119,False,True
11028,1.3134648604366788,False,none,5,10.588447551451234,14.05715658806333,False,True
11028,1.3134648604366788,False,full,5,10.157724436436533,14.62984012719568,False,True
11049,0.4779515391549392,True,none,2,83.56935202310223,6.468346456481872,True,False
11049,0.4779515391549392,True,full,2,0.6050213322517601,8.626017957198666,False,True
11037,0.8668629911406956,True,none,5,5.177357298180909,14.582176152180796,False,True
11037,0.8668629911406956,True,full,3,2.8490747935576306,6.276942646853673,False,True
11031,0.3639252730696406,True,none,5,4.057682211207001,11.996208069711756,False,True
11031,0.3639252730696406,True,full,5,2.551886734656796,11.880552927767283,False,True
11030,0.23769801166812274,True,none,5,5.313885486443807,11.351566346307168,False,True
11030,0.23769801166812274,True,full,5,5.3941077815085885,11.23276894773323,False,True
11036,1.0696279537829128,False,none,5,4.862951047356903,11.983317069921549,False,True
11036,1.0696279537829128,False,full,5,6.9793911460277736,12.921822137311791,False,True
11045,2.2751187583732415,False,none,3,16.92756396044077,7.91476838102044,False,False
11045,2.2751187583732415,False,full,2,20.680274725014712,7.492119986972227,True,False
11038,7.26232229011771,False,none,5,30.73062304767621,28.87501136942013,False,True
11038,7.26232229011771,False,full,5,29.048903677576586,27.17605290338326,False,True
11051,0.2341003177832092,True,none,2,15.45984906425224,6.513956384213347,False,False
11051,0.2341003177832092,True,full,3,3.584530688726226,5.614418929694808,False,True
11039,1.7058110903467616,False,none,5,4.089824727810797,15.72433560081531,False,True
11039,1.7058110903467616,False,full,5,3.2530603948559174,15.836412702243788,False,True
11040,2.5339796765990372,False,none,5,20.949938998949335,30.46821972453397,False,True
11040,2.5339796765990372,False,full,5,23.47965116108115,30.338157665392302,False,True
11041,5.317054530865269,False,none,5,21.769886742053135,25.585203360818195,False,True
11041,5.317054530865269,False,full,5,19.796688333462228,23.66744872730623,False,False
11042,4.809925654119364,False,none,5,5.352660491876196,19.678051751470807,False,True
11042,4.809925654119364,False,full,5,4.783330938541362,17.318736065604654,False,True
11048,0.6982057583731932,True,none,5,1.8178652943957059,11.71693707743746,False,True
11048,0.6982057583731932,True,full,4,5.488009087063097,9.803421020053529,False,True
11052,1.044996956791174,False,none,5,14.571530513886811,11.882427172410656,False,False
11052,1.044996956791174,False,full,3,4.063080094961897,7.432687718745545,False,True
11043,1.2258886447474038,False,none,5,30.554447512018076,22.091053281447458,False,False
11043,1.2258886447474038,False,full,5,30.686970146821977,22.532167472328894,False,False
11044,1.683058897330062,False,none,5,19.111587020739556,21.788203561271065,False,True
11044,1.683058897330062,False,full,5,18.178171462005864,23.325854416321807,False,True
11046,4.126661058621431,False,none,5,7.959011451416163,24.745103634257458,False,True
11046,4.126661058621431,False,full,5,5.77081762457815,22.85136254942676,False,True
11047,0.6405950173457525,True,none,5,1.8578079551681952,11.241567525890867,False,True
11047,0.6405950173457525,True,full,5,2.2643955300243155,10.945808111507317,False,True
11050,0.6404956648279436,True,none,5,5.867735754443635,12.63357546320502,False,True
11050,0.6404956648279436,True,full,5,5.161194922486329,6.5431079847097555,False,True
11054,0.2375205099848971,True,none,3,8.714781202578221,8.176040203295889,False,False
11054,0.2375205099848971,True,full,5,5.213637798807348,12.439779355639196,False,True
11053,0.8732480621779095,False,none,5,11.646309016839243,13.62812375649415,False,True
11053,0.8732480621779095,False,full,5,10.772836581642316,11.977761134841058,False,True
11055,0.4897707998026041,True,none,5,3.356777648999076,14.195850515986058,False,True
11055,0.4897707998026041,True,full,5,2.86206500190236,13.326233264202314,False,True
11056,0.06762274876487542,True,none,5,3.3334131510643195,12.615222785717407,False,True
11056,0.06762274876487542,True,full,5,3.9311047419667973,13.292157392096321,False,True
11057,0.8516835064301879,True,none,5,4.704446409461934,15.132932383338645,False,True
11057,0.8516835064301879,True,full,5,2.9269061973148194,13.946214851196787,False,True
11062,1.0083067785330235,False,none,5,2.9361558395905227,13.959813201929581,False,True
11062,1.0083067785330235,False,full,3,10.002961587004668,8.242107396874836,False,False
11060,2.2395836053622507,False,none,5,4.888737694915235,14.254860179048782,False,True
11060,2.2395836053622507,False,full,4,3.4111197867914074,7.3721216817868775,False,True
11058,1.1964286206820607,False,none,5,4.712896154739339,12.584118314532107,False,True
11058,1.1964286206820607,False,full,5,5.60051853205085,12.640848746359904,False,True
11059,0.3284867398018702,True,none,5,6.335167980590644,12.012733533655863,False,True
11059,0.3284867398018702,True,full,5,5.770627438713151,13.341921075881736,False,True
11061,0.735238279445156,True,none,5,6.497261199653678,31.529742143309786,False,True
11061,0.735238279445156,True,full,5,6.915313413990089,31.31629319097752,False,True
11063,0.4309345302379654,True,none,5,9.252841549987496,18.853880794705148,False,True
11063,0.4309345302379654,True,full,5,15.25805812457301,16.80921825976551,False,True
11072,0.599349223894296,True,none,4,4.927060507982615,9.995969015145727,False,True
11072,0.599349223894296,True,full,3,9.658352795392272,7.737911704764689,False,False
11068,0.21294841156860642,True,none,5,6.282363461380461,11.699720601209206,False,True
11068,0.21294841156860642,True,full,3,3.032918871933891,5.70194049287211,False,True
11073,2.5136318699249247,False,none,2,130.0062007102926,6.46167854199425,True,False
11073,2.5136318699249247,False,full,4,2.5000836662469044,9.662630921849393,False,True
11067,1.288206212379397,False,none,5,3.4000122415112015,10.663378931803756,False,True
11067,1.288206212379397,False,full,2,13.482608627957894,9.525779068258515,False,False
11064,2.555340041299715,False,none,5,21.974524655088096,18.143113001098165,False,False
11064,2.555340041299715,False,full,5,18.664854863108403,18.554717940698556,False,False
11065,0.3952373138098116,True,none,5,7.839021280504968,11.614403632772015,False,True
11065,0.3952373138098116,True,full,4,4.543107996671433,9.865594713842096,False,True
11066,1.4106341214537077,False,none,5,8.994281042797782,23.475690772744016,False,True
11066,1.4106341214537077,False,full,5,8.331789229637067,21.963106707136927,False,True
11070,2.97042002526684,False,none,5,10.810392080602895,14.00289964649597,False,True
11070,2.97042002526684,False,full,3,11.463093187827429,9.73840842243743,False,False
11079,2.7999803309669735,False,none,2,33.476098724475115,6.483069002503012,True,False
11079,2.7999803309669735,False,full,2,7.144988542447609,9.056849394277549,False,True
11075,0.38832348120454036,True,none,3,3.7561651135664396,9.272796265817385,False,True
11075,0.38832348120454036,True,full,5,4.2686263336981085,12.716636540605887,False,True
11074,0.729505580677783,True,none,5,6.811586660013574,12.332878900193519,False,True
11074,0.729505580677783,True,full,3,4.462981242116914,9.176187419282087,False,True
11069,4.931637521580803,False,none,5,12.771958481634094,13.968134418770067,False,False
11069,4.931637521580803,False,full,5,16.95499406464896,15.430731034265259,False,False
11089,0.31817336311656813,True,none,2,59.738342381482596,6.42621621188618,True,False
11089,0.31817336311656813,True,full,2,5.054131275567,8.161469564505566,False,True
11071,0.7599494292512962,True,none,5,5.730587145433351,14.953679746875304,False,True
11071,0.7599494292512962,True,full,5,3.6137832790239517,15.377351537526142,False,True
11083,0.07603100778226017,True,none,3,5.909702503678363,8.62677703432191,False,True
11083,0.07603100778226017,True,full,2,4.997907405043811,9.093750238679029,False,True
11096,1.4311621359438977,False,none,2,126.18643145938854,6.187071511728178,True,False
11096,1.4311621359438977,False,full,2,3.0140645602708958,6.967900771064302,False,True
11076,3.3249814355823704,False,none,5,5.38811185113502,11.895992025920332,False,True
11076,3.3249814355823704,False,full,5,4.939674239301305,15.749387809264958,False,True
11077,2.1857805194672575,False,none,5,15.975230249572942,17.527499549408375,False,False
11077,2.1857805194672575,False,full,5,23.951373970627497,16.634966140483506,False,False
11078,3.934885950852693,False,none,5,8.110177022436625,25.332675320687503,False,True
11078,3.934885950852693,False,full,5,8.423466691363192,25.288377166051934,False,True
11080,2.7477092189921524,False,none,5,8.478306026226264,11.744686806923148,False,True
11080,2.7477092189921524,False,full,5,7.070825795432164,10.117480553603308,False,True
11084,1.451927548424827,False,none,4,7.806992373662793,9.433347644928197,False,True
11084,1.451927548424827,False,full,2,9.614652042479916,6.617598997869225,False,False
11097,0.09904524565626373,True,none,2,104.08547263599765,6.13034874600756,True,False
11097,0.09904524565626373,True,full,3,9.46024784024518,5.498079054899872,False,False
11101,4.072940373094192,False,none,2,179.45997266659367,6.471805908186574,True,False
11101,4.072940373094192,False,full,2,24.544760680194916,4.66302788789673,True,False
11087,0.22768605205357512,True,none,5,8.282802563022297,11.61555078583583,False,True
11087,0.22768605205357512,True,full,3,6.931949742193551,6.845580325660947,False,False
11081,1.3158952325087043,False,none,5,6.56940349404059,20.095153793758133,False,True
11081,1.3158952325087043,False,full,5,7.477222815017706,17.407497010640547,False,True
11082,6.051507030796287,False,none,5,47.907320913099916,28.226731109501415,False,False
11082,6.051507030796287,False,full,5,11.370418605028611,19.179153086089098,False,True
11085,0.8075199728989798,True,none,5,5.284791526083133,13.385678323833359,False,True
11085,0.8075199728989798,True,full,5,7.951804569477751,13.032452044520166,False,True
11086,0.7638647105886117,True,none,5,18.8785505138839,22.508128589025425,False,True
11086,0.7638647105886117,True,full,5,11.360429738888122,18.55734594908544,False,True
11107,0.3807299956304785,True,none,2,207.56548349238946,6.308251557246556,True,False
11107,0.3807299956304785,True,full,3,6.078674654778728,8.737350661392503,False,True
11088,1.0140078595743156,False,none,5,9.445376055079175,19.257237043721382,False,True
11088,1.0140078595743156,False,full,5,7.202329748447703,19.36967040134591,False,True
11092,0.704087216052902,True,none,4,5.900401225974168,9.526058639467859,False,True
11092,0.704087216052902,True,full,4,6.397675717114698,9.392655352288726,False,True
11090,1.9580635482733018,False,none,5,27.56454583296948,18.851818919412935,False,False
11090,1.9580635482733018,False,full,5,25.159896179386777,21.45208124125816,False,False
11091,0.27028350544048513,True,none,5,5.874050841092042,16.303609380729466,False,True
11091,0.27028350544048513,True,full,5,5.859101321327275,15.94059998394397,False,True
11093,3.230782156150692,False,none,5,10.727761472917079,12.157964479193895,False,True
11093,3.230782156150692,False,full,5,9.09175571850984,14.525539137738582,False,True
11094,1.517893743422905,False,none,5,10.14587573782839,17.164507362535552,False,True
11094,1.517893743422905,False,full,5,8.18038939547067,9.201349162234585,False,False
11098,1.099131926596399,False,none,5,11.215826715111831,12.978591871829593,False,False
11098,1.099131926596399,False,full,5,7.554232503322347,13.560871074298484,False,True
11100,1.420343498228916,False,none,3,16.33921511816849,7.966432562021732,False,False
11100,1.420343498228916,False,full,5,9.007471452477938,11.793269977794983,False,True
11095,2.902707664110327,False,none,5,28.77975317398901,27.455701879722863,False,False
11095,2.902707664110327,False,full,5,29.55881687535438,24.780905796990282,False,False
11115,0.3613144691630056,True,none,3,5.217837873368537,9.613879257084882,False,True
11115,0.3613144691630056,True,full,2,4.200415051928098,7.773393095479309,False,True
11099,0.8228257533735016,True,none,5,9.451117479361328,17.730253986807075,False,True
11099,0.8228257533735016,True,full,5,8.01082900025487,15.980351398974374,False,True
11102,3.343149229398157,False,none,5,41.16593386553603,35.74970605585633,False,False
11102,3.343149229398157,False,full,5,39.73036955155432,29.964978660215273,False,False
11108,0.17791880774324062,True,none,5,3.212359269720477,13.08069379022625,False,True
11108,0.17791880774324062,True,full,3,4.143397940911702,7.537556994967395,False,True
11103,1.5545016441034025,False,none,5,8.728261776376192,17.534454771686217,False,True
11103,1.5545016441034025,False,full,5,8.324345363828426,17.027168663309716,False,True
11125,0.4597961381035938,True,none,2,178.93527375927596,5.63273085535928,True,False
11125,0.4597961381035938,True,full,2,7.566717594218031,5.998946323093224,False,False
11104,3.1995191967176773,False,none,5,7.35825954865452,11.44726613605387,False,True
11104,3.1995191967176773,False,full,5,14.077160723139665,11.267249492710693,False,False
11105,2.5508300356289344,False,none,5,3.293628199237872,14.280232109055564,False,True
11105,2.5508300356289344,False,full,5,2.605747159233275,13.933777229164708,False,True
11106,0.36298524402070564,True,none,5,14.88978547363563,19.41183772893307,False,False
11106,0.36298524402070564,True,full,5,14.98196046030087,21.756064299143553,False,False
11109,0.23095682926179334,True,none,5,10.699443619900956,18.734308658397513,False,True
11109,0.23095682926179334,True,full,5,9.544932182157012,18.404008253810176,False,True
11110,0.42516656287342963,True,none,5,7.496527346872021,15.237207568063873,False,True
11110,0.42516656287342963,True,full,5,6.534578780932386,14.666609747259553,False,True
11111,4.79488277918485,False,none,5,39.3369376156245,27.318183674690736,False,False
11111,4.79488277918485,False,full,5,40.30357719294883,13.950238074200314,False,False
11112,0.3153043292231244,True,none,5,2.6572183466743784,11.909901099986445,False,True
11112,0.3153043292231244,True,full,5,1.8780289203879394,11.650276099150028,False,True
11113,0.11902636871395278,True,none,5,4.296224347695595,12.361859598249643,False,True
11113,0.11902636871395278,True,full,5,3.340607067120137,10.994738755764605,False,True
11114,0.7543943979672757,True,none,5,4.187189659270989,10.595384917522212,False,True
11114,0.7543943979672757,True,full,5,7.371738403593217,11.219049567866346,False,True
11130,0.6099034031646655,True,none,2,179.77415982884554,5.39170555792936,True,False
11130,0.6099034031646655,True,full,2,7.658060605638517,3.813022386347357,False,False
11129,0.3001518752659134,True,none,2,16.310618562608333,6.423570246144931,False,False
11129,0.3001518752659134,True,full,5,3.7580391422116417,5.710510821900225,False,True
11116,0.7987513979958296,True,none,5,10.693620540385579,13.9317173202085,False,True
11116,0.7987513979958296,True,full,5,7.805714061281411,14.739430639737524,False,True
11117,0.6382373895566931,True,none,5,2.905116693881012,15.008569436118508,False,True
11117,0.6382373895566931,True,full,5,3.3543249950082474,15.035694890339046,False,True
11118,0.9586206309764304,False,none,5,11.55063175143145,18.65916182222458,False,True
11118,0.9586206309764304,False,full,5,11.722046193179585,20.680246463994504,False,True
11119,0.2709073106523098,True,none,5,6.594101672295991,14.969352506727029,False,True
11119,0.2709073106523098,True,full,5,7.558494247466861,15.751573934586236,False,True
11120,0.5871157983343378,True,none,5,8.025653368218228,14.743283624573142,False,True
11120,0.5871157983343378,True,full,5,10.5402166116417,14.163759698822425,False,True
11138,0.3253478171896607,True,none,3,131.02047252184866,5.409067130671843,True,False
11138,0.3253478171896607,True,full,4,4.986582708832035,5.611392385879891,False,True
11123,0.35748588750026017,True,none,4,17.64760963476852,8.204808104721081,False,False
11123,0.35748588750026017,True,full,5,10.522165088393077,17.473920054632185,False,True
11121,1.3146946130233135,False,none,5,7.786415960048467,16.72700568161682,False,True
11121,1.3146946130233135,False,full,5,7.327869365522229,16.962416071919055,False,True
11122,1.485147645386821,False,none,5,8.987296461370311,30.142841033335028,False,True
11122,1.485147645386821,False,full,5,9.321970539240825,28.995463238228208,False,True
11124,0.7151762738633661,True,none,5,6.959422210251852,18.259062464840767,False,True
11124,0.7151762738633661,True,full,5,6.431346810910307,13.83881423499009,False,True
11126,2.293314202175413,False,none,5,10.715368039829366,19.791631344885538,False,True
11126,2.293314202175413,False,full,5,9.607885626917703,22.064218558104177,False,True
11140,0.20752502972976708,True,none,3,75.57155854006523,8.75022559059967,True,False
11140,0.20752502972976708,True,full,2,19.052660908994923,4.253947367435424,False,False
11127,0.8658698372682221,True,none,5,6.103573726947461,13.196989145100648,False,True
11127,0.8658698372682221,True,full,5,4.697834493807889,15.215640710077666,False,True
11137,1.6071430915300422,False,none,3,3.3727048826819592,9.923716394071805,False,True
11137,1.6071430915300422,False,full,2,7.154936793710195,4.907551368804389,False,False
11144,0.1113754868855193,True,none,2,25.291692194769222,6.336170273309011,True,False
11144,0.1113754868855193,True,full,2,3.043215084202649,4.461828339022515,False,True
11128,2.0060308162642086,False,none,5,4.23583323304139,16.932137495539283,False,True
11128,2.0060308162642086,False,full,5,13.331134482835107,13.509655250909304,False,False
11147,0.38160614057392905,True,none,2,41.959385016086685,6.180128791158764,True,False
11147,0.38160614057392905,True,full,2,2.581633513850129,6.542591547295438,False,True
11131,1.0669047911362826,False,none,5,22.278954463824082,23.34679659327566,False,True
11131,1.0669047911362826,False,full,5,19.933794302655237,22.520393759538436,False,True
11132,1.1129851540093658,False,none,5,4.747837252317148,13.018879835567413,False,True
11132,1.1129851540093658,False,full,5,6.147549217567687,10.23496973710147,False,True
11133,1.3896263290056363,False,none,5,6.172284111506131,24.63644315581641,False,True
11133,1.3896263290056363,False,full,5,5.226729571595287,24.61965123037213,False,True
11148,0.10110473053600974,True,none,2,12.50531457278287,6.4455662572150745,False,False
11148,0.10110473053600974,True,full,4,2.319089918328639,8.443989875196433,False,True
11134,1.3435361017583343,False,none,5,9.966908830482161,14.13589605495053,False,True
11134,1.3435361017583343,False,full,5,9.790089709354366,13.052891824643206,False,True
11135,3.1704318640284717,False,none,5,12.078882729402755,14.49513802594092,False,True
11135,3.1704318640284717,False,full,5,10.848998469128333,13.910477776513886,False,True
11136,0.5127530563876593,True,none,5,5.654594186303631,14.730791296338397,False,True
11136,0.5127530563876593,True,full,5,5.972345332931583,13.343659613757525,False,True
11154,0.9220710446275336,False,none,3,19.541193609349833,7.38328812535776,False,False
11154,0.9220710446275336,False,full,3,8.518051747005169,9.544280660286846,False,True
11143,1.940973792733031,False,none,3,11.26301458539854,7.975016420956878,False,False
11143,1.940973792733031,False,full,3,4.015387668142598,6.2097512877011996,False,True
11156,1.1066558834867988,False,none,2,61.87640331524902,6.887387345562253,True,False
11156,1.1066558834867988,False,full,3,1.3661753531889242,9.7220406161623,False,True
11141,1.7104110013592408,False,none,4,11.094032684366917,9.023710299651134,False,False
11141,1.7104110013592408,False,full,5,2.0438905280694217,14.416094532550815,False,True
11145,0.6090932392469808,True,none,3,8.783258777670286,8.66432776706416,False,False
11145,0.6090932392469808,True,full,5,3.0723371673752937,11.286738488601053,False,True
11139,0.30275479673384903,True,none,5,2.7336329097672016,12.076520280031426,False,True
11139,0.30275479673384903,True,full,5,2.3043426534297664,13.590586574955175,False,True
11142,1.6727626060061422,False,none,5,9.015430678906649,18.10258320876701,False,True
11142,1.6727626060061422,False,full,5,4.0406748360478435,13.488817283911661,False,True
11149,0.8702976860375976,False,none,4,10.50605319112237,9.587270382756097,False,True
11149,0.8702976860375976,False,full,5,5.859319087549686,11.31494275590802,False,True
11150,0.7759553259777284,True,none,5,5.544554189448135,12.099235370176673,False,True
11150,0.7759553259777284,True,full,3,5.283923041567347,6.686608110750048,False,True
11152,0.9006816915799511,False,none,5,12.727771004005715,12.562793001913109,False,True
11152,0.9006816915799511,False,full,5,8.206045009201068,14.198418278209632,False,True
11146,2.1560197112623163,False,none,5,6.177390367584887,12.630061850047035,False,True
11146,2.1560197112623163,False,full,5,5.81688243278754,12.451930641459253,False,True
11161,0.7132253995656235,True,none,2,199.33557650075167,6.5137135126884935,True,False
11161,0.7132253995656235,True,full,5,4.681614023662615,10.820304323896963,False,True
11164,0.26518240336420995,True,none,3,9.963666606239135,5.983217665196364,False,False
11164,0.26518240336420995,True,full,3,1.67785713718991,5.974521821533758,False,True
11173,0.12435349564355318,True,none,2,136.97100529638868,6.433247633971069,True,False
11173,0.12435349564355318,True,full,2,1.536207627813242,6.172794395286127,False,True
11157,1.4205371468878085,False,none,5,8.337857193083769,13.348846742780191,False,True
11157,1.4205371468878085,False,full,4,11.993636372374782,7.353198115045718,False,False
11153,1.5894091540973776,False,none,5,10.063663546921775,16.517058345857002,False,True
11153,1.5894091540973776,False,full,5,5.001335610914973,10.917060664016994,False,True
11151,0.9259583547346406,False,none,5,4.692865928548949,15.29683833621579,False,True
11151,0.9259583547346406,False,full,5,1.9355716089206436,16.298007140178484,False,True
11155,1.271102483459952,False,none,5,18.10735143400868,19.186180257109594,False,False
11155,1.271102483459952,False,full,5,19.73222317850183,22.62838961272494,False,False
11158,2.0695453590525963,False,none,5,22.76289900035469,22.457176096304007,False,True
11158,2.0695453590525963,False,full,5,19.42669035517821,26.844534094171326,False,True
11159,2.145990164307919,False,none,5,10.469432066400577,15.852783798328181,False,True
11159,2.145990164307919,False,full,5,9.54232384000851,16.208015749362872,False,True
11163,0.26770034516819646,True,none,5,14.433234811784605,11.666291204350621,False,True
11163,0.26770034516819646,True,full,3,8.460075356455215,7.478213427729107,False,False
11160,0.2886674364493603,True,none,5,12.00495751027421,9.114590338297683,False,True
11160,0.2886674364493603,True,full,5,2.2125618184386444,11.604312292399797,False,True
11162,0.556876848027403,True,none,5,3.299388480795899,11.543711105318907,False,True
11162,0.556876848027403,True,full,3,7.097991096793895,8.6516660399866,False,True
11175,0.30981881334012223,True,none,4,4.937443039458449,9.98575111233946,False,True
11175,0.30981881334012223,True,full,3,2.740078863776834,5.7335253850366374,False,True
11184,1.1179277003351404,False,none,2,126.6565255689524,6.3824792576385505,True,False
11184,1.1179277003351404,False,full,2,29.656180312586624,8.456342346113784,True,False
11170,2.4697041085402276,False,none,5,5.124996998296269,12.164106682606088,False,True
11170,2.4697041085402276,False,full,2,6.112324119151572,4.8943651607017085,False,True
11165,4.569441217556819,False,none,5,7.893782732958604,12.861501114020564,False,True
11165,4.569441217556819,False,full,5,12.811292817670834,21.37811639016189,False,True
11166,2.2009692662338955,False,none,5,20.511394258052952,15.527911342744732,False,False
11166,2.2009692662338955,False,full,5,10.816261871237929,13.458504196297087,False,True
11169,0.36590352902883916,True,none,5,5.547854087121502,12.59579985427677,False,True
11169,0.36590352902883916,True,full,4,6.953115596718229,9.21549850910766,False,True
11167,2.298676735665078,False,none,5,6.4751354139611905,17.285329732124104,False,True
11167,2.298676735665078,False,full,5,6.61224915259737,16.168330536589433,False,True
11168,1.2322929535372875,False,none,5,5.186081164062549,12.290353567089404,False,True
11168,1.2322929535372875,False,full,5,7.441971536832868,12.160749671706473,False,True
11174,4.37500291455575,False,none,5,6.748582569928603,11.857288260148774,False,True
11174,4.37500291455575,False,full,5,2.6797924777931597,13.392260066131072,False,True
11172,1.412190267851959,False,none,4,5.829588166441412,9.318222806493146,False,True
11172,1.412190267851959,False,full,5,7.244941306692269,11.624503168820182,False,True
11171,1.1368034037829695,False,none,5,7.724717595746983,14.695174818959122,False,True
11171,1.1368034037829695,False,full,5,5.093343268387118,12.212661024610261,False,True
11179,0.5398954098845107,True,none,4,27.427774860769098,9.789854981935793,True,False
11179,0.5398954098845107,True,full,3,6.309004097271926,8.660166704150884,False,False
11181,0.6809779012640577,True,none,3,5.531933596968087,8.360233341603104,False,True
11181,0.6809779012640577,True,full,5,1.5046195051822129,5.727648092478817,False,True
11176,0.44492225791892925,True,none,5,13.473531893033057,17.81912607581948,False,True
11176,0.44492225791892925,True,full,5,14.462603744625952,30.102263325758642,False,True
11185,0.48421670050671056,True,none,5,3.6752016255391005,15.300577969465918,False,True
11185,0.48421670050671056,True,full,2,11.51666691139468,9.30164828667979,False,False
11177,1.5661428114319478,False,none,5,5.978547625109427,11.194949590273419,False,True
11177,1.5661428114319478,False,full,5,5.5788716259495885,10.81191203202649,False,True
11183,0.9357589921183342,False,none,5,6.2408143810921235,11.365172930820343,False,True
11183,0.9357589921183342,False,full,2,15.233540947533983,8.483184828038137,False,False
11178,1.1674958883289368,False,none,5,10.307439127821263,16.15269047634749,False,True
11178,1.1674958883289368,False,full,5,11.29713181419277,15.57213674405361,False,True
11191,0.24153983814635052,True,none,5,5.648052420342804,8.806847079669586,False,True
11191,0.24153983814635052,True,full,2,4.32565811580203,8.76189250451209,False,True
11194,0.544003602899579,True,none,2,121.4022417611483,6.158790990479056,True,False
11194,0.544003602899579,True,full,3,4.223410952462102,4.888346887878488,False,True
11180,1.196632672942277,False,none,5,2.862041141561927,13.890118084733324,False,True
11180,1.196632672942277,False,full,5,2.8740676902667914,10.721287411699551,False,True
11182,3.6826167094683426,False,none,5,15.648923005574366,18.590677304251304,False,True
11182,3.6826167094683426,False,full,5,27.2271425242424,20.244203667859168,False,False
11197,1.193813137422903,False,none,2,115.41468193139114,6.495195882801669,True,False
11197,1.193813137422903,False,full,3,0.766601669058153,7.4802428299659365,False,True
11186,1.5004055104621545,False,none,5,11.031986126702279,17.55016378459498,False,True
11186,1.5004055104621545,False,full,5,10.866861419206096,15.423189402373046,False,True
11187,3.689484687187806,False,none,5,12.517604509323636,26.36054401384629,False,True
11187,3.689484687187806,False,full,5,13.130892753759996,25.553072039338193,False,True
11188,1.4758295426293289,False,none,5,7.677693354088324,20.420603685792855,False,True
11188,1.4758295426293289,False,full,5,13.430220425724308,20.130327435549184,False,True
11189,0.9200504751491295,False,none,5,6.630353340930331,21.94159207917958,False,True
11189,0.9200504751491295,False,full,5,6.855073406081025,18.58454859547611,False,True
11190,0.7251774489140574,True,none,5,6.013969026462174,14.968599538207117,False,True
11190,0.7251774489140574,True,full,5,1.953616599149258,14.557982540605718,False,True
11192,1.4302113540432242,False,none,5,8.90427674133821,17.31121565513031,False,True
11192,1.4302113540432242,False,full,5,12.161111250785625,20.824717088495532,False,True
11196,0.10942579196366882,True,none,5,3.4233454538145645,11.084026193673692,False,True
11196,0.10942579196366882,True,full,5,3.227604200921533,6.723807209227633,False,True
11193,1.4719254277354807,False,none,5,8.05767220725624,14.812090261556323,False,True
11193,1.4719254277354807,False,full,5,8.42433386869409,14.783362471041038,False,True
11195,3.4085160790520797,False,none,5,2.9060031571692218,15.543942942967716,False,True
11195,3.4085160790520797,False,full,5,5.555281788557044,14.038685435352285,False,True
11198,2.739079129333125,False,none,5,3.1611809147189205,15.595888127490824,False,True
11198,2.739079129333125,False,full,5,9.273349919390355,12.683147774176842,False,True
11199,3.9606108139744856,False,none,5,52.44243262422432,49.223456271229004,False,False
11199,3.9606108139744856,False,full,5,42.48207880348783,37.234953867830924,False,False
